Shooter Pos, Evacuee Pos,Goal Node,Path
1,1,52 ," [1, 52]"
1,2,54 ," [2, 3, 4, 5, 6, 51, 54]"
1,3,54 ," [3, 4, 5, 6, 51, 54]"
1,4,54 ," [4, 5, 6, 51, 54]"
1,5,54 ," [5, 6, 51, 54]"
1,6,54 ," [6, 51, 54]"
1,7,54 ," [7, 6, 51, 54]"
1,8,55 ," [8, 9, 10, 11, 12, 55]"
1,9,55 ," [9, 10, 11, 12, 55]"
1,10,55 ," [10, 11, 12, 55]"
1,11,55 ," [11, 12, 55]"
1,12,55 ," [12, 55]"
1,13,54 ," [13, 6, 51, 54]"
1,14,53 ," [14, 15, 16, 17, 18, 53]"
1,15,53 ," [15, 16, 17, 18, 53]"
1,16,53 ," [16, 17, 18, 53]"
1,17,53 ," [17, 18, 53]"
1,18,53 ," [18, 53]"
1,19,19 , [19]
1,20,2 ," [20, 2]"
1,21,54 ," [21, 3, 4, 5, 6, 51, 54]"
1,22,54 ," [22, 4, 5, 6, 51, 54]"
1,23,54 ," [23, 5, 6, 51, 54]"
1,24,24 , [24]
1,25,2 ," [25, 2]"
1,26,54 ," [26, 3, 4, 5, 6, 51, 54]"
1,27,54 ," [27, 4, 5, 6, 51, 54]"
1,28,54 ," [28, 5, 6, 51, 54]"
1,29,54 ," [29, 7, 6, 51, 54]"
1,30,55 ," [30, 8, 9, 10, 11, 12, 55]"
1,31,55 ," [31, 9, 10, 11, 12, 55]"
1,32,55 ," [32, 10, 11, 12, 55]"
1,33,55 ," [33, 11, 12, 55]"
1,34,55 ," [34, 12, 55]"
1,35,55 ," [35, 8, 9, 10, 11, 12, 55]"
1,36,55 ," [36, 9, 10, 11, 12, 55]"
1,37,55 ," [37, 10, 11, 12, 55]"
1,38,55 ," [38, 11, 12, 55]"
1,39,55 ," [39, 12, 55]"
1,40,54 ," [40, 13, 6, 51, 54]"
1,41,53 ," [41, 14, 15, 16, 17, 18, 53]"
1,42,53 ," [42, 15, 16, 17, 18, 53]"
1,43,53 ," [43, 16, 17, 18, 53]"
1,44,53 ," [44, 17, 18, 53]"
1,45,53 ," [45, 18, 53]"
1,46,53 ," [46, 14, 15, 16, 17, 18, 53]"
1,47,53 ," [47, 15, 16, 17, 18, 53]"
1,48,53 ," [48, 16, 17, 18, 53]"
1,49,53 ," [49, 17, 18, 53]"
1,50,53 ," [50, 18, 53]"
1,51,54 ," [51, 54]"
1,52,52 , [52]
1,53,53 , [53]
1,54,54 , [54]
1,55,55 , [55]
2,1,52 ," [1, 52]"
2,2,52 ," [2, 1, 52]"
2,3,54 ," [3, 4, 5, 6, 51, 54]"
2,4,54 ," [4, 5, 6, 51, 54]"
2,5,54 ," [5, 6, 51, 54]"
2,6,54 ," [6, 51, 54]"
2,7,54 ," [7, 6, 51, 54]"
2,8,55 ," [8, 9, 10, 11, 12, 55]"
2,9,55 ," [9, 10, 11, 12, 55]"
2,10,55 ," [10, 11, 12, 55]"
2,11,55 ," [11, 12, 55]"
2,12,55 ," [12, 55]"
2,13,54 ," [13, 6, 51, 54]"
2,14,53 ," [14, 15, 16, 17, 18, 53]"
2,15,53 ," [15, 16, 17, 18, 53]"
2,16,53 ," [16, 17, 18, 53]"
2,17,53 ," [17, 18, 53]"
2,18,53 ," [18, 53]"
2,19,1 ," [19, 1]"
2,20,20 , [20]
2,21,3 ," [21, 3]"
2,22,54 ," [22, 4, 5, 6, 51, 54]"
2,23,54 ," [23, 5, 6, 51, 54]"
2,24,1 ," [24, 1]"
2,25,25 , [25]
2,26,3 ," [26, 3]"
2,27,54 ," [27, 4, 5, 6, 51, 54]"
2,28,54 ," [28, 5, 6, 51, 54]"
2,29,54 ," [29, 7, 6, 51, 54]"
2,30,55 ," [30, 8, 9, 10, 11, 12, 55]"
2,31,55 ," [31, 9, 10, 11, 12, 55]"
2,32,55 ," [32, 10, 11, 12, 55]"
2,33,55 ," [33, 11, 12, 55]"
2,34,55 ," [34, 12, 55]"
2,35,55 ," [35, 8, 9, 10, 11, 12, 55]"
2,36,55 ," [36, 9, 10, 11, 12, 55]"
2,37,55 ," [37, 10, 11, 12, 55]"
2,38,55 ," [38, 11, 12, 55]"
2,39,55 ," [39, 12, 55]"
2,40,54 ," [40, 13, 6, 51, 54]"
2,41,53 ," [41, 14, 15, 16, 17, 18, 53]"
2,42,53 ," [42, 15, 16, 17, 18, 53]"
2,43,53 ," [43, 16, 17, 18, 53]"
2,44,53 ," [44, 17, 18, 53]"
2,45,53 ," [45, 18, 53]"
2,46,53 ," [46, 14, 15, 16, 17, 18, 53]"
2,47,53 ," [47, 15, 16, 17, 18, 53]"
2,48,53 ," [48, 16, 17, 18, 53]"
2,49,53 ," [49, 17, 18, 53]"
2,50,53 ," [50, 18, 53]"
2,51,54 ," [51, 54]"
2,52,52 , [52]
2,53,53 , [53]
2,54,54 , [54]
2,55,55 , [55]
3,1,52 ," [1, 52]"
3,2,52 ," [2, 1, 52]"
3,3,52 ," [3, 2, 1, 52]"
3,4,54 ," [4, 5, 6, 51, 54]"
3,5,54 ," [5, 6, 51, 54]"
3,6,54 ," [6, 51, 54]"
3,7,55 ," [7, 8, 9, 10, 11, 12, 55]"
3,8,55 ," [8, 9, 10, 11, 12, 55]"
3,9,55 ," [9, 10, 11, 12, 55]"
3,10,55 ," [10, 11, 12, 55]"
3,11,55 ," [11, 12, 55]"
3,12,55 ," [12, 55]"
3,13,53 ," [13, 14, 15, 16, 17, 18, 53]"
3,14,53 ," [14, 15, 16, 17, 18, 53]"
3,15,53 ," [15, 16, 17, 18, 53]"
3,16,53 ," [16, 17, 18, 53]"
3,17,53 ," [17, 18, 53]"
3,18,53 ," [18, 53]"
3,19,52 ," [19, 1, 52]"
3,20,2 ," [20, 2]"
3,21,21 , [21]
3,22,4 ," [22, 4]"
3,23,54 ," [23, 5, 6, 51, 54]"
3,24,52 ," [24, 1, 52]"
3,25,2 ," [25, 2]"
3,26,26 , [26]
3,27,4 ," [27, 4]"
3,28,54 ," [28, 5, 6, 51, 54]"
3,29,55 ," [29, 7, 8, 9, 10, 11, 12, 55]"
3,30,55 ," [30, 8, 9, 10, 11, 12, 55]"
3,31,55 ," [31, 9, 10, 11, 12, 55]"
3,32,55 ," [32, 10, 11, 12, 55]"
3,33,55 ," [33, 11, 12, 55]"
3,34,55 ," [34, 12, 55]"
3,35,55 ," [35, 8, 9, 10, 11, 12, 55]"
3,36,55 ," [36, 9, 10, 11, 12, 55]"
3,37,55 ," [37, 10, 11, 12, 55]"
3,38,55 ," [38, 11, 12, 55]"
3,39,55 ," [39, 12, 55]"
3,40,53 ," [40, 13, 14, 15, 16, 17, 18, 53]"
3,41,53 ," [41, 14, 15, 16, 17, 18, 53]"
3,42,53 ," [42, 15, 16, 17, 18, 53]"
3,43,53 ," [43, 16, 17, 18, 53]"
3,44,53 ," [44, 17, 18, 53]"
3,45,53 ," [45, 18, 53]"
3,46,53 ," [46, 14, 15, 16, 17, 18, 53]"
3,47,53 ," [47, 15, 16, 17, 18, 53]"
3,48,53 ," [48, 16, 17, 18, 53]"
3,49,53 ," [49, 17, 18, 53]"
3,50,53 ," [50, 18, 53]"
3,51,54 ," [51, 54]"
3,52,52 , [52]
3,53,53 , [53]
3,54,54 , [54]
3,55,55 , [55]
4,1,52 ," [1, 52]"
4,2,52 ," [2, 1, 52]"
4,3,52 ," [3, 2, 1, 52]"
4,4,54 ," [4, 5, 6, 51, 54]"
4,5,54 ," [5, 6, 51, 54]"
4,6,54 ," [6, 51, 54]"
4,7,55 ," [7, 8, 9, 10, 11, 12, 55]"
4,8,55 ," [8, 9, 10, 11, 12, 55]"
4,9,55 ," [9, 10, 11, 12, 55]"
4,10,55 ," [10, 11, 12, 55]"
4,11,55 ," [11, 12, 55]"
4,12,55 ," [12, 55]"
4,13,53 ," [13, 14, 15, 16, 17, 18, 53]"
4,14,53 ," [14, 15, 16, 17, 18, 53]"
4,15,53 ," [15, 16, 17, 18, 53]"
4,16,53 ," [16, 17, 18, 53]"
4,17,53 ," [17, 18, 53]"
4,18,53 ," [18, 53]"
4,19,52 ," [19, 1, 52]"
4,20,52 ," [20, 2, 1, 52]"
4,21,3 ," [21, 3]"
4,22,22 , [22]
4,23,23 , [23]
4,24,52 ," [24, 1, 52]"
4,25,52 ," [25, 2, 1, 52]"
4,26,3 ," [26, 3]"
4,27,27 , [27]
4,28,28 , [28]
4,29,55 ," [29, 7, 8, 9, 10, 11, 12, 55]"
4,30,55 ," [30, 8, 9, 10, 11, 12, 55]"
4,31,55 ," [31, 9, 10, 11, 12, 55]"
4,32,55 ," [32, 10, 11, 12, 55]"
4,33,55 ," [33, 11, 12, 55]"
4,34,55 ," [34, 12, 55]"
4,35,55 ," [35, 8, 9, 10, 11, 12, 55]"
4,36,55 ," [36, 9, 10, 11, 12, 55]"
4,37,55 ," [37, 10, 11, 12, 55]"
4,38,55 ," [38, 11, 12, 55]"
4,39,55 ," [39, 12, 55]"
4,40,53 ," [40, 13, 14, 15, 16, 17, 18, 53]"
4,41,53 ," [41, 14, 15, 16, 17, 18, 53]"
4,42,53 ," [42, 15, 16, 17, 18, 53]"
4,43,53 ," [43, 16, 17, 18, 53]"
4,44,53 ," [44, 17, 18, 53]"
4,45,53 ," [45, 18, 53]"
4,46,53 ," [46, 14, 15, 16, 17, 18, 53]"
4,47,53 ," [47, 15, 16, 17, 18, 53]"
4,48,53 ," [48, 16, 17, 18, 53]"
4,49,53 ," [49, 17, 18, 53]"
4,50,53 ," [50, 18, 53]"
4,51,54 ," [51, 54]"
4,52,52 , [52]
4,53,53 , [53]
4,54,54 , [54]
4,55,55 , [55]
5,1,52 ," [1, 52]"
5,2,52 ," [2, 1, 52]"
5,3,52 ," [3, 2, 1, 52]"
5,4,52 ," [4, 3, 2, 1, 52]"
5,5,54 ," [5, 6, 51, 54]"
5,6,54 ," [6, 51, 54]"
5,7,55 ," [7, 8, 9, 10, 11, 12, 55]"
5,8,55 ," [8, 9, 10, 11, 12, 55]"
5,9,55 ," [9, 10, 11, 12, 55]"
5,10,55 ," [10, 11, 12, 55]"
5,11,55 ," [11, 12, 55]"
5,12,55 ," [12, 55]"
5,13,53 ," [13, 14, 15, 16, 17, 18, 53]"
5,14,53 ," [14, 15, 16, 17, 18, 53]"
5,15,53 ," [15, 16, 17, 18, 53]"
5,16,53 ," [16, 17, 18, 53]"
5,17,53 ," [17, 18, 53]"
5,18,53 ," [18, 53]"
5,19,52 ," [19, 1, 52]"
5,20,52 ," [20, 2, 1, 52]"
5,21,52 ," [21, 3, 2, 1, 52]"
5,22,4 ," [22, 4]"
5,23,23 , [23]
5,24,52 ," [24, 1, 52]"
5,25,52 ," [25, 2, 1, 52]"
5,26,52 ," [26, 3, 2, 1, 52]"
5,27,4 ," [27, 4]"
5,28,28 , [28]
5,29,55 ," [29, 7, 8, 9, 10, 11, 12, 55]"
5,30,55 ," [30, 8, 9, 10, 11, 12, 55]"
5,31,55 ," [31, 9, 10, 11, 12, 55]"
5,32,55 ," [32, 10, 11, 12, 55]"
5,33,55 ," [33, 11, 12, 55]"
5,34,55 ," [34, 12, 55]"
5,35,55 ," [35, 8, 9, 10, 11, 12, 55]"
5,36,55 ," [36, 9, 10, 11, 12, 55]"
5,37,55 ," [37, 10, 11, 12, 55]"
5,38,55 ," [38, 11, 12, 55]"
5,39,55 ," [39, 12, 55]"
5,40,53 ," [40, 13, 14, 15, 16, 17, 18, 53]"
5,41,53 ," [41, 14, 15, 16, 17, 18, 53]"
5,42,53 ," [42, 15, 16, 17, 18, 53]"
5,43,53 ," [43, 16, 17, 18, 53]"
5,44,53 ," [44, 17, 18, 53]"
5,45,53 ," [45, 18, 53]"
5,46,53 ," [46, 14, 15, 16, 17, 18, 53]"
5,47,53 ," [47, 15, 16, 17, 18, 53]"
5,48,53 ," [48, 16, 17, 18, 53]"
5,49,53 ," [49, 17, 18, 53]"
5,50,53 ," [50, 18, 53]"
5,51,54 ," [51, 54]"
5,52,52 , [52]
5,53,53 , [53]
5,54,54 , [54]
5,55,55 , [55]
6,1,52 ," [1, 52]"
6,2,52 ," [2, 1, 52]"
6,3,52 ," [3, 2, 1, 52]"
6,4,52 ," [4, 3, 2, 1, 52]"
6,5,52 ," [5, 4, 3, 2, 1, 52]"
6,6,54 ," [6, 51, 54]"
6,7,55 ," [7, 8, 9, 10, 11, 12, 55]"
6,8,55 ," [8, 9, 10, 11, 12, 55]"
6,9,55 ," [9, 10, 11, 12, 55]"
6,10,55 ," [10, 11, 12, 55]"
6,11,55 ," [11, 12, 55]"
6,12,55 ," [12, 55]"
6,13,53 ," [13, 14, 15, 16, 17, 18, 53]"
6,14,53 ," [14, 15, 16, 17, 18, 53]"
6,15,53 ," [15, 16, 17, 18, 53]"
6,16,53 ," [16, 17, 18, 53]"
6,17,53 ," [17, 18, 53]"
6,18,53 ," [18, 53]"
6,19,52 ," [19, 1, 52]"
6,20,52 ," [20, 2, 1, 52]"
6,21,52 ," [21, 3, 2, 1, 52]"
6,22,52 ," [22, 4, 3, 2, 1, 52]"
6,23,23 , [23]
6,24,52 ," [24, 1, 52]"
6,25,52 ," [25, 2, 1, 52]"
6,26,52 ," [26, 3, 2, 1, 52]"
6,27,52 ," [27, 4, 3, 2, 1, 52]"
6,28,28 , [28]
6,29,7 ," [29, 7]"
6,30,55 ," [30, 8, 9, 10, 11, 12, 55]"
6,31,55 ," [31, 9, 10, 11, 12, 55]"
6,32,55 ," [32, 10, 11, 12, 55]"
6,33,55 ," [33, 11, 12, 55]"
6,34,55 ," [34, 12, 55]"
6,35,55 ," [35, 8, 9, 10, 11, 12, 55]"
6,36,55 ," [36, 9, 10, 11, 12, 55]"
6,37,55 ," [37, 10, 11, 12, 55]"
6,38,55 ," [38, 11, 12, 55]"
6,39,55 ," [39, 12, 55]"
6,40,13 ," [40, 13]"
6,41,53 ," [41, 14, 15, 16, 17, 18, 53]"
6,42,53 ," [42, 15, 16, 17, 18, 53]"
6,43,53 ," [43, 16, 17, 18, 53]"
6,44,53 ," [44, 17, 18, 53]"
6,45,53 ," [45, 18, 53]"
6,46,53 ," [46, 14, 15, 16, 17, 18, 53]"
6,47,53 ," [47, 15, 16, 17, 18, 53]"
6,48,53 ," [48, 16, 17, 18, 53]"
6,49,53 ," [49, 17, 18, 53]"
6,50,53 ," [50, 18, 53]"
6,51,54 ," [51, 54]"
6,52,52 , [52]
6,53,53 , [53]
6,54,54 , [54]
6,55,55 , [55]
7,1,52 ," [1, 52]"
7,2,52 ," [2, 1, 52]"
7,3,52 ," [3, 2, 1, 52]"
7,4,52 ," [4, 3, 2, 1, 52]"
7,5,52 ," [5, 4, 3, 2, 1, 52]"
7,6,54 ," [6, 51, 54]"
7,7,54 ," [7, 6, 51, 54]"
7,8,55 ," [8, 9, 10, 11, 12, 55]"
7,9,55 ," [9, 10, 11, 12, 55]"
7,10,55 ," [10, 11, 12, 55]"
7,11,55 ," [11, 12, 55]"
7,12,55 ," [12, 55]"
7,13,53 ," [13, 14, 15, 16, 17, 18, 53]"
7,14,53 ," [14, 15, 16, 17, 18, 53]"
7,15,53 ," [15, 16, 17, 18, 53]"
7,16,53 ," [16, 17, 18, 53]"
7,17,53 ," [17, 18, 53]"
7,18,53 ," [18, 53]"
7,19,52 ," [19, 1, 52]"
7,20,52 ," [20, 2, 1, 52]"
7,21,52 ," [21, 3, 2, 1, 52]"
7,22,52 ," [22, 4, 3, 2, 1, 52]"
7,23,52 ," [23, 5, 4, 3, 2, 1, 52]"
7,24,52 ," [24, 1, 52]"
7,25,52 ," [25, 2, 1, 52]"
7,26,52 ," [26, 3, 2, 1, 52]"
7,27,52 ," [27, 4, 3, 2, 1, 52]"
7,28,52 ," [28, 5, 4, 3, 2, 1, 52]"
7,29,29 , [29]
7,30,55 ," [30, 8, 9, 10, 11, 12, 55]"
7,31,55 ," [31, 9, 10, 11, 12, 55]"
7,32,55 ," [32, 10, 11, 12, 55]"
7,33,55 ," [33, 11, 12, 55]"
7,34,55 ," [34, 12, 55]"
7,35,55 ," [35, 8, 9, 10, 11, 12, 55]"
7,36,55 ," [36, 9, 10, 11, 12, 55]"
7,37,55 ," [37, 10, 11, 12, 55]"
7,38,55 ," [38, 11, 12, 55]"
7,39,55 ," [39, 12, 55]"
7,40,53 ," [40, 13, 14, 15, 16, 17, 18, 53]"
7,41,53 ," [41, 14, 15, 16, 17, 18, 53]"
7,42,53 ," [42, 15, 16, 17, 18, 53]"
7,43,53 ," [43, 16, 17, 18, 53]"
7,44,53 ," [44, 17, 18, 53]"
7,45,53 ," [45, 18, 53]"
7,46,53 ," [46, 14, 15, 16, 17, 18, 53]"
7,47,53 ," [47, 15, 16, 17, 18, 53]"
7,48,53 ," [48, 16, 17, 18, 53]"
7,49,53 ," [49, 17, 18, 53]"
7,50,53 ," [50, 18, 53]"
7,51,54 ," [51, 54]"
7,52,52 , [52]
7,53,53 , [53]
7,54,54 , [54]
7,55,55 , [55]
8,1,52 ," [1, 52]"
8,2,52 ," [2, 1, 52]"
8,3,52 ," [3, 2, 1, 52]"
8,4,52 ," [4, 3, 2, 1, 52]"
8,5,54 ," [5, 6, 51, 54]"
8,6,54 ," [6, 51, 54]"
8,7,54 ," [7, 6, 51, 54]"
8,8,55 ," [8, 9, 10, 11, 12, 55]"
8,9,55 ," [9, 10, 11, 12, 55]"
8,10,55 ," [10, 11, 12, 55]"
8,11,55 ," [11, 12, 55]"
8,12,55 ," [12, 55]"
8,13,54 ," [13, 6, 51, 54]"
8,14,53 ," [14, 15, 16, 17, 18, 53]"
8,15,53 ," [15, 16, 17, 18, 53]"
8,16,53 ," [16, 17, 18, 53]"
8,17,53 ," [17, 18, 53]"
8,18,53 ," [18, 53]"
8,19,52 ," [19, 1, 52]"
8,20,52 ," [20, 2, 1, 52]"
8,21,52 ," [21, 3, 2, 1, 52]"
8,22,52 ," [22, 4, 3, 2, 1, 52]"
8,23,54 ," [23, 5, 6, 51, 54]"
8,24,52 ," [24, 1, 52]"
8,25,52 ," [25, 2, 1, 52]"
8,26,52 ," [26, 3, 2, 1, 52]"
8,27,52 ," [27, 4, 3, 2, 1, 52]"
8,28,54 ," [28, 5, 6, 51, 54]"
8,29,7 ," [29, 7]"
8,30,30 , [30]
8,31,31 , [31]
8,32,55 ," [32, 10, 11, 12, 55]"
8,33,55 ," [33, 11, 12, 55]"
8,34,55 ," [34, 12, 55]"
8,35,35 , [35]
8,36,9 ," [36, 9]"
8,37,55 ," [37, 10, 11, 12, 55]"
8,38,55 ," [38, 11, 12, 55]"
8,39,55 ," [39, 12, 55]"
8,40,53 ," [40, 13, 14, 15, 16, 17, 18, 53]"
8,41,53 ," [41, 14, 15, 16, 17, 18, 53]"
8,42,53 ," [42, 15, 16, 17, 18, 53]"
8,43,53 ," [43, 16, 17, 18, 53]"
8,44,53 ," [44, 17, 18, 53]"
8,45,53 ," [45, 18, 53]"
8,46,53 ," [46, 14, 15, 16, 17, 18, 53]"
8,47,53 ," [47, 15, 16, 17, 18, 53]"
8,48,53 ," [48, 16, 17, 18, 53]"
8,49,53 ," [49, 17, 18, 53]"
8,50,53 ," [50, 18, 53]"
8,51,54 ," [51, 54]"
8,52,52 , [52]
8,53,53 , [53]
8,54,54 , [54]
8,55,55 , [55]
9,1,52 ," [1, 52]"
9,2,52 ," [2, 1, 52]"
9,3,52 ," [3, 2, 1, 52]"
9,4,52 ," [4, 3, 2, 1, 52]"
9,5,54 ," [5, 6, 51, 54]"
9,6,54 ," [6, 51, 54]"
9,7,54 ," [7, 6, 51, 54]"
9,8,54 ," [8, 7, 6, 51, 54]"
9,9,55 ," [9, 10, 11, 12, 55]"
9,10,55 ," [10, 11, 12, 55]"
9,11,55 ," [11, 12, 55]"
9,12,55 ," [12, 55]"
9,13,54 ," [13, 6, 51, 54]"
9,14,53 ," [14, 15, 16, 17, 18, 53]"
9,15,53 ," [15, 16, 17, 18, 53]"
9,16,53 ," [16, 17, 18, 53]"
9,17,53 ," [17, 18, 53]"
9,18,53 ," [18, 53]"
9,19,52 ," [19, 1, 52]"
9,20,52 ," [20, 2, 1, 52]"
9,21,52 ," [21, 3, 2, 1, 52]"
9,22,52 ," [22, 4, 3, 2, 1, 52]"
9,23,54 ," [23, 5, 6, 51, 54]"
9,24,52 ," [24, 1, 52]"
9,25,52 ," [25, 2, 1, 52]"
9,26,52 ," [26, 3, 2, 1, 52]"
9,27,52 ," [27, 4, 3, 2, 1, 52]"
9,28,54 ," [28, 5, 6, 51, 54]"
9,29,54 ," [29, 7, 6, 51, 54]"
9,30,30 , [30]
9,31,31 , [31]
9,32,32 , [32]
9,33,55 ," [33, 11, 12, 55]"
9,34,55 ," [34, 12, 55]"
9,35,54 ," [35, 8, 7, 6, 51, 54]"
9,36,36 , [36]
9,37,10 ," [37, 10]"
9,38,55 ," [38, 11, 12, 55]"
9,39,55 ," [39, 12, 55]"
9,40,54 ," [40, 13, 6, 51, 54]"
9,41,53 ," [41, 14, 15, 16, 17, 18, 53]"
9,42,53 ," [42, 15, 16, 17, 18, 53]"
9,43,53 ," [43, 16, 17, 18, 53]"
9,44,53 ," [44, 17, 18, 53]"
9,45,53 ," [45, 18, 53]"
9,46,53 ," [46, 14, 15, 16, 17, 18, 53]"
9,47,53 ," [47, 15, 16, 17, 18, 53]"
9,48,53 ," [48, 16, 17, 18, 53]"
9,49,53 ," [49, 17, 18, 53]"
9,50,53 ," [50, 18, 53]"
9,51,54 ," [51, 54]"
9,52,52 , [52]
9,53,53 , [53]
9,54,54 , [54]
9,55,55 , [55]
10,1,52 ," [1, 52]"
10,2,52 ," [2, 1, 52]"
10,3,52 ," [3, 2, 1, 52]"
10,4,52 ," [4, 3, 2, 1, 52]"
10,5,54 ," [5, 6, 51, 54]"
10,6,54 ," [6, 51, 54]"
10,7,54 ," [7, 6, 51, 54]"
10,8,54 ," [8, 7, 6, 51, 54]"
10,9,54 ," [9, 8, 7, 6, 51, 54]"
10,10,55 ," [10, 11, 12, 55]"
10,11,55 ," [11, 12, 55]"
10,12,55 ," [12, 55]"
10,13,54 ," [13, 6, 51, 54]"
10,14,53 ," [14, 15, 16, 17, 18, 53]"
10,15,53 ," [15, 16, 17, 18, 53]"
10,16,53 ," [16, 17, 18, 53]"
10,17,53 ," [17, 18, 53]"
10,18,53 ," [18, 53]"
10,19,52 ," [19, 1, 52]"
10,20,52 ," [20, 2, 1, 52]"
10,21,52 ," [21, 3, 2, 1, 52]"
10,22,52 ," [22, 4, 3, 2, 1, 52]"
10,23,54 ," [23, 5, 6, 51, 54]"
10,24,52 ," [24, 1, 52]"
10,25,52 ," [25, 2, 1, 52]"
10,26,52 ," [26, 3, 2, 1, 52]"
10,27,52 ," [27, 4, 3, 2, 1, 52]"
10,28,54 ," [28, 5, 6, 51, 54]"
10,29,54 ," [29, 7, 6, 51, 54]"
10,30,54 ," [30, 8, 7, 6, 51, 54]"
10,31,31 , [31]
10,32,32 , [32]
10,33,11 ," [33, 11]"
10,34,55 ," [34, 12, 55]"
10,35,54 ," [35, 8, 7, 6, 51, 54]"
10,36,54 ," [36, 9, 8, 7, 6, 51, 54]"
10,37,37 , [37]
10,38,11 ," [38, 11]"
10,39,55 ," [39, 12, 55]"
10,40,54 ," [40, 13, 6, 51, 54]"
10,41,53 ," [41, 14, 15, 16, 17, 18, 53]"
10,42,53 ," [42, 15, 16, 17, 18, 53]"
10,43,53 ," [43, 16, 17, 18, 53]"
10,44,53 ," [44, 17, 18, 53]"
10,45,53 ," [45, 18, 53]"
10,46,53 ," [46, 14, 15, 16, 17, 18, 53]"
10,47,53 ," [47, 15, 16, 17, 18, 53]"
10,48,53 ," [48, 16, 17, 18, 53]"
10,49,53 ," [49, 17, 18, 53]"
10,50,53 ," [50, 18, 53]"
10,51,54 ," [51, 54]"
10,52,52 , [52]
10,53,53 , [53]
10,54,54 , [54]
10,55,55 , [55]
11,1,52 ," [1, 52]"
11,2,52 ," [2, 1, 52]"
11,3,52 ," [3, 2, 1, 52]"
11,4,52 ," [4, 3, 2, 1, 52]"
11,5,54 ," [5, 6, 51, 54]"
11,6,54 ," [6, 51, 54]"
11,7,54 ," [7, 6, 51, 54]"
11,8,54 ," [8, 7, 6, 51, 54]"
11,9,54 ," [9, 8, 7, 6, 51, 54]"
11,10,54 ," [10, 9, 8, 7, 6, 51, 54]"
11,11,55 ," [11, 12, 55]"
11,12,55 ," [12, 55]"
11,13,54 ," [13, 6, 51, 54]"
11,14,53 ," [14, 15, 16, 17, 18, 53]"
11,15,53 ," [15, 16, 17, 18, 53]"
11,16,53 ," [16, 17, 18, 53]"
11,17,53 ," [17, 18, 53]"
11,18,53 ," [18, 53]"
11,19,52 ," [19, 1, 52]"
11,20,52 ," [20, 2, 1, 52]"
11,21,52 ," [21, 3, 2, 1, 52]"
11,22,52 ," [22, 4, 3, 2, 1, 52]"
11,23,54 ," [23, 5, 6, 51, 54]"
11,24,52 ," [24, 1, 52]"
11,25,52 ," [25, 2, 1, 52]"
11,26,52 ," [26, 3, 2, 1, 52]"
11,27,52 ," [27, 4, 3, 2, 1, 52]"
11,28,54 ," [28, 5, 6, 51, 54]"
11,29,54 ," [29, 7, 6, 51, 54]"
11,30,54 ," [30, 8, 7, 6, 51, 54]"
11,31,54 ," [31, 9, 8, 7, 6, 51, 54]"
11,32,32 , [32]
11,33,33 , [33]
11,34,12 ," [34, 12]"
11,35,54 ," [35, 8, 7, 6, 51, 54]"
11,36,54 ," [36, 9, 8, 7, 6, 51, 54]"
11,37,10 ," [37, 10]"
11,38,38 , [38]
11,39,12 ," [39, 12]"
11,40,54 ," [40, 13, 6, 51, 54]"
11,41,53 ," [41, 14, 15, 16, 17, 18, 53]"
11,42,53 ," [42, 15, 16, 17, 18, 53]"
11,43,53 ," [43, 16, 17, 18, 53]"
11,44,53 ," [44, 17, 18, 53]"
11,45,53 ," [45, 18, 53]"
11,46,53 ," [46, 14, 15, 16, 17, 18, 53]"
11,47,53 ," [47, 15, 16, 17, 18, 53]"
11,48,53 ," [48, 16, 17, 18, 53]"
11,49,53 ," [49, 17, 18, 53]"
11,50,53 ," [50, 18, 53]"
11,51,54 ," [51, 54]"
11,52,52 , [52]
11,53,53 , [53]
11,54,54 , [54]
11,55,55 , [55]
12,1,52 ," [1, 52]"
12,2,52 ," [2, 1, 52]"
12,3,52 ," [3, 2, 1, 52]"
12,4,52 ," [4, 3, 2, 1, 52]"
12,5,54 ," [5, 6, 51, 54]"
12,6,54 ," [6, 51, 54]"
12,7,54 ," [7, 6, 51, 54]"
12,8,54 ," [8, 7, 6, 51, 54]"
12,9,54 ," [9, 8, 7, 6, 51, 54]"
12,10,54 ," [10, 9, 8, 7, 6, 51, 54]"
12,11,54 ," [11, 10, 9, 8, 7, 6, 51, 54]"
12,12,55 ," [12, 55]"
12,13,54 ," [13, 6, 51, 54]"
12,14,53 ," [14, 15, 16, 17, 18, 53]"
12,15,53 ," [15, 16, 17, 18, 53]"
12,16,53 ," [16, 17, 18, 53]"
12,17,53 ," [17, 18, 53]"
12,18,53 ," [18, 53]"
12,19,52 ," [19, 1, 52]"
12,20,52 ," [20, 2, 1, 52]"
12,21,52 ," [21, 3, 2, 1, 52]"
12,22,52 ," [22, 4, 3, 2, 1, 52]"
12,23,54 ," [23, 5, 6, 51, 54]"
12,24,52 ," [24, 1, 52]"
12,25,52 ," [25, 2, 1, 52]"
12,26,52 ," [26, 3, 2, 1, 52]"
12,27,52 ," [27, 4, 3, 2, 1, 52]"
12,28,54 ," [28, 5, 6, 51, 54]"
12,29,54 ," [29, 7, 6, 51, 54]"
12,30,54 ," [30, 8, 7, 6, 51, 54]"
12,31,54 ," [31, 9, 8, 7, 6, 51, 54]"
12,32,54 ," [32, 10, 9, 8, 7, 6, 51, 54]"
12,33,11 ," [33, 11]"
12,34,34 , [34]
12,35,54 ," [35, 8, 7, 6, 51, 54]"
12,36,54 ," [36, 9, 8, 7, 6, 51, 54]"
12,37,54 ," [37, 10, 9, 8, 7, 6, 51, 54]"
12,38,11 ," [38, 11]"
12,39,39 , [39]
12,40,54 ," [40, 13, 6, 51, 54]"
12,41,53 ," [41, 14, 15, 16, 17, 18, 53]"
12,42,53 ," [42, 15, 16, 17, 18, 53]"
12,43,53 ," [43, 16, 17, 18, 53]"
12,44,53 ," [44, 17, 18, 53]"
12,45,53 ," [45, 18, 53]"
12,46,53 ," [46, 14, 15, 16, 17, 18, 53]"
12,47,53 ," [47, 15, 16, 17, 18, 53]"
12,48,53 ," [48, 16, 17, 18, 53]"
12,49,53 ," [49, 17, 18, 53]"
12,50,53 ," [50, 18, 53]"
12,51,54 ," [51, 54]"
12,52,52 , [52]
12,53,53 , [53]
12,54,54 , [54]
12,55,55 , [55]
13,1,52 ," [1, 52]"
13,2,52 ," [2, 1, 52]"
13,3,52 ," [3, 2, 1, 52]"
13,4,52 ," [4, 3, 2, 1, 52]"
13,5,52 ," [5, 4, 3, 2, 1, 52]"
13,6,54 ," [6, 51, 54]"
13,7,55 ," [7, 8, 9, 10, 11, 12, 55]"
13,8,55 ," [8, 9, 10, 11, 12, 55]"
13,9,55 ," [9, 10, 11, 12, 55]"
13,10,55 ," [10, 11, 12, 55]"
13,11,55 ," [11, 12, 55]"
13,12,55 ," [12, 55]"
13,13,54 ," [13, 6, 51, 54]"
13,14,53 ," [14, 15, 16, 17, 18, 53]"
13,15,53 ," [15, 16, 17, 18, 53]"
13,16,53 ," [16, 17, 18, 53]"
13,17,53 ," [17, 18, 53]"
13,18,53 ," [18, 53]"
13,19,52 ," [19, 1, 52]"
13,20,52 ," [20, 2, 1, 52]"
13,21,52 ," [21, 3, 2, 1, 52]"
13,22,52 ," [22, 4, 3, 2, 1, 52]"
13,23,52 ," [23, 5, 4, 3, 2, 1, 52]"
13,24,52 ," [24, 1, 52]"
13,25,52 ," [25, 2, 1, 52]"
13,26,52 ," [26, 3, 2, 1, 52]"
13,27,52 ," [27, 4, 3, 2, 1, 52]"
13,28,52 ," [28, 5, 4, 3, 2, 1, 52]"
13,29,55 ," [29, 7, 8, 9, 10, 11, 12, 55]"
13,30,55 ," [30, 8, 9, 10, 11, 12, 55]"
13,31,55 ," [31, 9, 10, 11, 12, 55]"
13,32,55 ," [32, 10, 11, 12, 55]"
13,33,55 ," [33, 11, 12, 55]"
13,34,55 ," [34, 12, 55]"
13,35,55 ," [35, 8, 9, 10, 11, 12, 55]"
13,36,55 ," [36, 9, 10, 11, 12, 55]"
13,37,55 ," [37, 10, 11, 12, 55]"
13,38,55 ," [38, 11, 12, 55]"
13,39,55 ," [39, 12, 55]"
13,40,40 , [40]
13,41,53 ," [41, 14, 15, 16, 17, 18, 53]"
13,42,53 ," [42, 15, 16, 17, 18, 53]"
13,43,53 ," [43, 16, 17, 18, 53]"
13,44,53 ," [44, 17, 18, 53]"
13,45,53 ," [45, 18, 53]"
13,46,53 ," [46, 14, 15, 16, 17, 18, 53]"
13,47,53 ," [47, 15, 16, 17, 18, 53]"
13,48,53 ," [48, 16, 17, 18, 53]"
13,49,53 ," [49, 17, 18, 53]"
13,50,53 ," [50, 18, 53]"
13,51,54 ," [51, 54]"
13,52,52 , [52]
13,53,53 , [53]
13,54,54 , [54]
13,55,55 , [55]
14,1,52 ," [1, 52]"
14,2,52 ," [2, 1, 52]"
14,3,52 ," [3, 2, 1, 52]"
14,4,52 ," [4, 3, 2, 1, 52]"
14,5,54 ," [5, 6, 51, 54]"
14,6,54 ," [6, 51, 54]"
14,7,54 ," [7, 6, 51, 54]"
14,8,55 ," [8, 9, 10, 11, 12, 55]"
14,9,55 ," [9, 10, 11, 12, 55]"
14,10,55 ," [10, 11, 12, 55]"
14,11,55 ," [11, 12, 55]"
14,12,55 ," [12, 55]"
14,13,54 ," [13, 6, 51, 54]"
14,14,53 ," [14, 15, 16, 17, 18, 53]"
14,15,53 ," [15, 16, 17, 18, 53]"
14,16,53 ," [16, 17, 18, 53]"
14,17,53 ," [17, 18, 53]"
14,18,53 ," [18, 53]"
14,19,52 ," [19, 1, 52]"
14,20,52 ," [20, 2, 1, 52]"
14,21,52 ," [21, 3, 2, 1, 52]"
14,22,52 ," [22, 4, 3, 2, 1, 52]"
14,23,54 ," [23, 5, 6, 51, 54]"
14,24,52 ," [24, 1, 52]"
14,25,52 ," [25, 2, 1, 52]"
14,26,52 ," [26, 3, 2, 1, 52]"
14,27,52 ," [27, 4, 3, 2, 1, 52]"
14,28,54 ," [28, 5, 6, 51, 54]"
14,29,55 ," [29, 7, 8, 9, 10, 11, 12, 55]"
14,30,55 ," [30, 8, 9, 10, 11, 12, 55]"
14,31,55 ," [31, 9, 10, 11, 12, 55]"
14,32,55 ," [32, 10, 11, 12, 55]"
14,33,55 ," [33, 11, 12, 55]"
14,34,55 ," [34, 12, 55]"
14,35,55 ," [35, 8, 9, 10, 11, 12, 55]"
14,36,55 ," [36, 9, 10, 11, 12, 55]"
14,37,55 ," [37, 10, 11, 12, 55]"
14,38,55 ," [38, 11, 12, 55]"
14,39,55 ," [39, 12, 55]"
14,40,13 ," [40, 13]"
14,41,41 , [41]
14,42,15 ," [42, 15]"
14,43,53 ," [43, 16, 17, 18, 53]"
14,44,53 ," [44, 17, 18, 53]"
14,45,53 ," [45, 18, 53]"
14,46,46 , [46]
14,47,47 , [47]
14,48,53 ," [48, 16, 17, 18, 53]"
14,49,53 ," [49, 17, 18, 53]"
14,50,53 ," [50, 18, 53]"
14,51,54 ," [51, 54]"
14,52,52 , [52]
14,53,53 , [53]
14,54,54 , [54]
14,55,55 , [55]
15,1,52 ," [1, 52]"
15,2,52 ," [2, 1, 52]"
15,3,52 ," [3, 2, 1, 52]"
15,4,52 ," [4, 3, 2, 1, 52]"
15,5,54 ," [5, 6, 51, 54]"
15,6,54 ," [6, 51, 54]"
15,7,54 ," [7, 6, 51, 54]"
15,8,55 ," [8, 9, 10, 11, 12, 55]"
15,9,55 ," [9, 10, 11, 12, 55]"
15,10,55 ," [10, 11, 12, 55]"
15,11,55 ," [11, 12, 55]"
15,12,55 ," [12, 55]"
15,13,54 ," [13, 6, 51, 54]"
15,14,54 ," [14, 13, 6, 51, 54]"
15,15,53 ," [15, 16, 17, 18, 53]"
15,16,53 ," [16, 17, 18, 53]"
15,17,53 ," [17, 18, 53]"
15,18,53 ," [18, 53]"
15,19,52 ," [19, 1, 52]"
15,20,52 ," [20, 2, 1, 52]"
15,21,52 ," [21, 3, 2, 1, 52]"
15,22,52 ," [22, 4, 3, 2, 1, 52]"
15,23,54 ," [23, 5, 6, 51, 54]"
15,24,52 ," [24, 1, 52]"
15,25,52 ," [25, 2, 1, 52]"
15,26,52 ," [26, 3, 2, 1, 52]"
15,27,52 ," [27, 4, 3, 2, 1, 52]"
15,28,54 ," [28, 5, 6, 51, 54]"
15,29,54 ," [29, 7, 6, 51, 54]"
15,30,55 ," [30, 8, 9, 10, 11, 12, 55]"
15,31,55 ," [31, 9, 10, 11, 12, 55]"
15,32,55 ," [32, 10, 11, 12, 55]"
15,33,55 ," [33, 11, 12, 55]"
15,34,55 ," [34, 12, 55]"
15,35,55 ," [35, 8, 9, 10, 11, 12, 55]"
15,36,55 ," [36, 9, 10, 11, 12, 55]"
15,37,55 ," [37, 10, 11, 12, 55]"
15,38,55 ," [38, 11, 12, 55]"
15,39,55 ," [39, 12, 55]"
15,40,54 ," [40, 13, 6, 51, 54]"
15,41,54 ," [41, 14, 13, 6, 51, 54]"
15,42,42 , [42]
15,43,16 ," [43, 16]"
15,44,53 ," [44, 17, 18, 53]"
15,45,53 ," [45, 18, 53]"
15,46,46 , [46]
15,47,47 , [47]
15,48,48 , [48]
15,49,53 ," [49, 17, 18, 53]"
15,50,53 ," [50, 18, 53]"
15,51,54 ," [51, 54]"
15,52,52 , [52]
15,53,53 , [53]
15,54,54 , [54]
15,55,55 , [55]
16,1,52 ," [1, 52]"
16,2,52 ," [2, 1, 52]"
16,3,52 ," [3, 2, 1, 52]"
16,4,52 ," [4, 3, 2, 1, 52]"
16,5,54 ," [5, 6, 51, 54]"
16,6,54 ," [6, 51, 54]"
16,7,54 ," [7, 6, 51, 54]"
16,8,55 ," [8, 9, 10, 11, 12, 55]"
16,9,55 ," [9, 10, 11, 12, 55]"
16,10,55 ," [10, 11, 12, 55]"
16,11,55 ," [11, 12, 55]"
16,12,55 ," [12, 55]"
16,13,54 ," [13, 6, 51, 54]"
16,14,54 ," [14, 13, 6, 51, 54]"
16,15,54 ," [15, 14, 13, 6, 51, 54]"
16,16,53 ," [16, 17, 18, 53]"
16,17,53 ," [17, 18, 53]"
16,18,53 ," [18, 53]"
16,19,52 ," [19, 1, 52]"
16,20,52 ," [20, 2, 1, 52]"
16,21,52 ," [21, 3, 2, 1, 52]"
16,22,52 ," [22, 4, 3, 2, 1, 52]"
16,23,54 ," [23, 5, 6, 51, 54]"
16,24,52 ," [24, 1, 52]"
16,25,52 ," [25, 2, 1, 52]"
16,26,52 ," [26, 3, 2, 1, 52]"
16,27,52 ," [27, 4, 3, 2, 1, 52]"
16,28,54 ," [28, 5, 6, 51, 54]"
16,29,54 ," [29, 7, 6, 51, 54]"
16,30,55 ," [30, 8, 9, 10, 11, 12, 55]"
16,31,55 ," [31, 9, 10, 11, 12, 55]"
16,32,55 ," [32, 10, 11, 12, 55]"
16,33,55 ," [33, 11, 12, 55]"
16,34,55 ," [34, 12, 55]"
16,35,55 ," [35, 8, 9, 10, 11, 12, 55]"
16,36,55 ," [36, 9, 10, 11, 12, 55]"
16,37,55 ," [37, 10, 11, 12, 55]"
16,38,55 ," [38, 11, 12, 55]"
16,39,55 ," [39, 12, 55]"
16,40,54 ," [40, 13, 6, 51, 54]"
16,41,54 ," [41, 14, 13, 6, 51, 54]"
16,42,54 ," [42, 15, 14, 13, 6, 51, 54]"
16,43,43 , [43]
16,44,17 ," [44, 17]"
16,45,53 ," [45, 18, 53]"
16,46,54 ," [46, 14, 13, 6, 51, 54]"
16,47,47 , [47]
16,48,48 , [48]
16,49,17 ," [49, 17]"
16,50,53 ," [50, 18, 53]"
16,51,54 ," [51, 54]"
16,52,52 , [52]
16,53,53 , [53]
16,54,54 , [54]
16,55,55 , [55]
17,1,52 ," [1, 52]"
17,2,52 ," [2, 1, 52]"
17,3,52 ," [3, 2, 1, 52]"
17,4,52 ," [4, 3, 2, 1, 52]"
17,5,54 ," [5, 6, 51, 54]"
17,6,54 ," [6, 51, 54]"
17,7,54 ," [7, 6, 51, 54]"
17,8,55 ," [8, 9, 10, 11, 12, 55]"
17,9,55 ," [9, 10, 11, 12, 55]"
17,10,55 ," [10, 11, 12, 55]"
17,11,55 ," [11, 12, 55]"
17,12,55 ," [12, 55]"
17,13,54 ," [13, 6, 51, 54]"
17,14,54 ," [14, 13, 6, 51, 54]"
17,15,54 ," [15, 14, 13, 6, 51, 54]"
17,16,54 ," [16, 15, 14, 13, 6, 51, 54]"
17,17,53 ," [17, 18, 53]"
17,18,53 ," [18, 53]"
17,19,52 ," [19, 1, 52]"
17,20,52 ," [20, 2, 1, 52]"
17,21,52 ," [21, 3, 2, 1, 52]"
17,22,52 ," [22, 4, 3, 2, 1, 52]"
17,23,54 ," [23, 5, 6, 51, 54]"
17,24,52 ," [24, 1, 52]"
17,25,52 ," [25, 2, 1, 52]"
17,26,52 ," [26, 3, 2, 1, 52]"
17,27,52 ," [27, 4, 3, 2, 1, 52]"
17,28,54 ," [28, 5, 6, 51, 54]"
17,29,54 ," [29, 7, 6, 51, 54]"
17,30,55 ," [30, 8, 9, 10, 11, 12, 55]"
17,31,55 ," [31, 9, 10, 11, 12, 55]"
17,32,55 ," [32, 10, 11, 12, 55]"
17,33,55 ," [33, 11, 12, 55]"
17,34,55 ," [34, 12, 55]"
17,35,55 ," [35, 8, 9, 10, 11, 12, 55]"
17,36,55 ," [36, 9, 10, 11, 12, 55]"
17,37,55 ," [37, 10, 11, 12, 55]"
17,38,55 ," [38, 11, 12, 55]"
17,39,55 ," [39, 12, 55]"
17,40,54 ," [40, 13, 6, 51, 54]"
17,41,54 ," [41, 14, 13, 6, 51, 54]"
17,42,54 ," [42, 15, 14, 13, 6, 51, 54]"
17,43,16 ," [43, 16]"
17,44,44 , [44]
17,45,18 ," [45, 18]"
17,46,54 ," [46, 14, 13, 6, 51, 54]"
17,47,54 ," [47, 15, 14, 13, 6, 51, 54]"
17,48,48 , [48]
17,49,49 , [49]
17,50,18 ," [50, 18]"
17,51,54 ," [51, 54]"
17,52,52 , [52]
17,53,53 , [53]
17,54,54 , [54]
17,55,55 , [55]
18,1,52 ," [1, 52]"
18,2,52 ," [2, 1, 52]"
18,3,52 ," [3, 2, 1, 52]"
18,4,52 ," [4, 3, 2, 1, 52]"
18,5,54 ," [5, 6, 51, 54]"
18,6,54 ," [6, 51, 54]"
18,7,54 ," [7, 6, 51, 54]"
18,8,55 ," [8, 9, 10, 11, 12, 55]"
18,9,55 ," [9, 10, 11, 12, 55]"
18,10,55 ," [10, 11, 12, 55]"
18,11,55 ," [11, 12, 55]"
18,12,55 ," [12, 55]"
18,13,54 ," [13, 6, 51, 54]"
18,14,54 ," [14, 13, 6, 51, 54]"
18,15,54 ," [15, 14, 13, 6, 51, 54]"
18,16,54 ," [16, 15, 14, 13, 6, 51, 54]"
18,17,54 ," [17, 16, 15, 14, 13, 6, 51, 54]"
18,18,54 ," [18, 17, 16, 15, 14, 13, 6, 51, 54]"
18,19,52 ," [19, 1, 52]"
18,20,52 ," [20, 2, 1, 52]"
18,21,52 ," [21, 3, 2, 1, 52]"
18,22,52 ," [22, 4, 3, 2, 1, 52]"
18,23,54 ," [23, 5, 6, 51, 54]"
18,24,52 ," [24, 1, 52]"
18,25,52 ," [25, 2, 1, 52]"
18,26,52 ," [26, 3, 2, 1, 52]"
18,27,52 ," [27, 4, 3, 2, 1, 52]"
18,28,54 ," [28, 5, 6, 51, 54]"
18,29,54 ," [29, 7, 6, 51, 54]"
18,30,55 ," [30, 8, 9, 10, 11, 12, 55]"
18,31,55 ," [31, 9, 10, 11, 12, 55]"
18,32,55 ," [32, 10, 11, 12, 55]"
18,33,55 ," [33, 11, 12, 55]"
18,34,55 ," [34, 12, 55]"
18,35,55 ," [35, 8, 9, 10, 11, 12, 55]"
18,36,55 ," [36, 9, 10, 11, 12, 55]"
18,37,55 ," [37, 10, 11, 12, 55]"
18,38,55 ," [38, 11, 12, 55]"
18,39,55 ," [39, 12, 55]"
18,40,54 ," [40, 13, 6, 51, 54]"
18,41,54 ," [41, 14, 13, 6, 51, 54]"
18,42,54 ," [42, 15, 14, 13, 6, 51, 54]"
18,43,54 ," [43, 16, 15, 14, 13, 6, 51, 54]"
18,44,17 ," [44, 17]"
18,45,45 , [45]
18,46,54 ," [46, 14, 13, 6, 51, 54]"
18,47,54 ," [47, 15, 14, 13, 6, 51, 54]"
18,48,54 ," [48, 16, 15, 14, 13, 6, 51, 54]"
18,49,17 ," [49, 17]"
18,50,50 , [50]
18,51,54 ," [51, 54]"
18,52,52 , [52]
18,53,53 , [53]
18,54,54 , [54]
18,55,55 , [55]
19,1,52 ," [1, 52]"
19,2,54 ," [2, 3, 4, 5, 6, 51, 54]"
19,3,54 ," [3, 4, 5, 6, 51, 54]"
19,4,54 ," [4, 5, 6, 51, 54]"
19,5,54 ," [5, 6, 51, 54]"
19,6,54 ," [6, 51, 54]"
19,7,54 ," [7, 6, 51, 54]"
19,8,55 ," [8, 9, 10, 11, 12, 55]"
19,9,55 ," [9, 10, 11, 12, 55]"
19,10,55 ," [10, 11, 12, 55]"
19,11,55 ," [11, 12, 55]"
19,12,55 ," [12, 55]"
19,13,54 ," [13, 6, 51, 54]"
19,14,53 ," [14, 15, 16, 17, 18, 53]"
19,15,53 ," [15, 16, 17, 18, 53]"
19,16,53 ," [16, 17, 18, 53]"
19,17,53 ," [17, 18, 53]"
19,18,53 ," [18, 53]"
19,19,52 ," [19, 1, 52]"
19,20,54 ," [20, 2, 3, 4, 5, 6, 51, 54]"
19,21,54 ," [21, 3, 4, 5, 6, 51, 54]"
19,22,54 ," [22, 4, 5, 6, 51, 54]"
19,23,54 ," [23, 5, 6, 51, 54]"
19,24,24 , [24]
19,25,54 ," [25, 2, 3, 4, 5, 6, 51, 54]"
19,26,54 ," [26, 3, 4, 5, 6, 51, 54]"
19,27,54 ," [27, 4, 5, 6, 51, 54]"
19,28,54 ," [28, 5, 6, 51, 54]"
19,29,54 ," [29, 7, 6, 51, 54]"
19,30,55 ," [30, 8, 9, 10, 11, 12, 55]"
19,31,55 ," [31, 9, 10, 11, 12, 55]"
19,32,55 ," [32, 10, 11, 12, 55]"
19,33,55 ," [33, 11, 12, 55]"
19,34,55 ," [34, 12, 55]"
19,35,55 ," [35, 8, 9, 10, 11, 12, 55]"
19,36,55 ," [36, 9, 10, 11, 12, 55]"
19,37,55 ," [37, 10, 11, 12, 55]"
19,38,55 ," [38, 11, 12, 55]"
19,39,55 ," [39, 12, 55]"
19,40,54 ," [40, 13, 6, 51, 54]"
19,41,53 ," [41, 14, 15, 16, 17, 18, 53]"
19,42,53 ," [42, 15, 16, 17, 18, 53]"
19,43,53 ," [43, 16, 17, 18, 53]"
19,44,53 ," [44, 17, 18, 53]"
19,45,53 ," [45, 18, 53]"
19,46,53 ," [46, 14, 15, 16, 17, 18, 53]"
19,47,53 ," [47, 15, 16, 17, 18, 53]"
19,48,53 ," [48, 16, 17, 18, 53]"
19,49,53 ," [49, 17, 18, 53]"
19,50,53 ," [50, 18, 53]"
19,51,54 ," [51, 54]"
19,52,52 , [52]
19,53,53 , [53]
19,54,54 , [54]
19,55,55 , [55]
20,1,52 ," [1, 52]"
20,2,52 ," [2, 1, 52]"
20,3,54 ," [3, 4, 5, 6, 51, 54]"
20,4,54 ," [4, 5, 6, 51, 54]"
20,5,54 ," [5, 6, 51, 54]"
20,6,54 ," [6, 51, 54]"
20,7,54 ," [7, 6, 51, 54]"
20,8,55 ," [8, 9, 10, 11, 12, 55]"
20,9,55 ," [9, 10, 11, 12, 55]"
20,10,55 ," [10, 11, 12, 55]"
20,11,55 ," [11, 12, 55]"
20,12,55 ," [12, 55]"
20,13,54 ," [13, 6, 51, 54]"
20,14,53 ," [14, 15, 16, 17, 18, 53]"
20,15,53 ," [15, 16, 17, 18, 53]"
20,16,53 ," [16, 17, 18, 53]"
20,17,53 ," [17, 18, 53]"
20,18,53 ," [18, 53]"
20,19,52 ," [19, 1, 52]"
20,20,52 ," [20, 2, 1, 52]"
20,21,54 ," [21, 3, 4, 5, 6, 51, 54]"
20,22,54 ," [22, 4, 5, 6, 51, 54]"
20,23,54 ," [23, 5, 6, 51, 54]"
20,24,52 ," [24, 1, 52]"
20,25,25 , [25]
20,26,54 ," [26, 3, 4, 5, 6, 51, 54]"
20,27,54 ," [27, 4, 5, 6, 51, 54]"
20,28,54 ," [28, 5, 6, 51, 54]"
20,29,54 ," [29, 7, 6, 51, 54]"
20,30,55 ," [30, 8, 9, 10, 11, 12, 55]"
20,31,55 ," [31, 9, 10, 11, 12, 55]"
20,32,55 ," [32, 10, 11, 12, 55]"
20,33,55 ," [33, 11, 12, 55]"
20,34,55 ," [34, 12, 55]"
20,35,55 ," [35, 8, 9, 10, 11, 12, 55]"
20,36,55 ," [36, 9, 10, 11, 12, 55]"
20,37,55 ," [37, 10, 11, 12, 55]"
20,38,55 ," [38, 11, 12, 55]"
20,39,55 ," [39, 12, 55]"
20,40,54 ," [40, 13, 6, 51, 54]"
20,41,53 ," [41, 14, 15, 16, 17, 18, 53]"
20,42,53 ," [42, 15, 16, 17, 18, 53]"
20,43,53 ," [43, 16, 17, 18, 53]"
20,44,53 ," [44, 17, 18, 53]"
20,45,53 ," [45, 18, 53]"
20,46,53 ," [46, 14, 15, 16, 17, 18, 53]"
20,47,53 ," [47, 15, 16, 17, 18, 53]"
20,48,53 ," [48, 16, 17, 18, 53]"
20,49,53 ," [49, 17, 18, 53]"
20,50,53 ," [50, 18, 53]"
20,51,54 ," [51, 54]"
20,52,52 , [52]
20,53,53 , [53]
20,54,54 , [54]
20,55,55 , [55]
21,1,52 ," [1, 52]"
21,2,52 ," [2, 1, 52]"
21,3,52 ," [3, 2, 1, 52]"
21,4,54 ," [4, 5, 6, 51, 54]"
21,5,54 ," [5, 6, 51, 54]"
21,6,54 ," [6, 51, 54]"
21,7,54 ," [7, 6, 51, 54]"
21,8,55 ," [8, 9, 10, 11, 12, 55]"
21,9,55 ," [9, 10, 11, 12, 55]"
21,10,55 ," [10, 11, 12, 55]"
21,11,55 ," [11, 12, 55]"
21,12,55 ," [12, 55]"
21,13,54 ," [13, 6, 51, 54]"
21,14,53 ," [14, 15, 16, 17, 18, 53]"
21,15,53 ," [15, 16, 17, 18, 53]"
21,16,53 ," [16, 17, 18, 53]"
21,17,53 ," [17, 18, 53]"
21,18,53 ," [18, 53]"
21,19,52 ," [19, 1, 52]"
21,20,52 ," [20, 2, 1, 52]"
21,21,52 ," [21, 3, 2, 1, 52]"
21,22,54 ," [22, 4, 5, 6, 51, 54]"
21,23,54 ," [23, 5, 6, 51, 54]"
21,24,52 ," [24, 1, 52]"
21,25,52 ," [25, 2, 1, 52]"
21,26,26 , [26]
21,27,54 ," [27, 4, 5, 6, 51, 54]"
21,28,54 ," [28, 5, 6, 51, 54]"
21,29,55 ," [29, 7, 8, 9, 10, 11, 12, 55]"
21,30,55 ," [30, 8, 9, 10, 11, 12, 55]"
21,31,55 ," [31, 9, 10, 11, 12, 55]"
21,32,55 ," [32, 10, 11, 12, 55]"
21,33,55 ," [33, 11, 12, 55]"
21,34,55 ," [34, 12, 55]"
21,35,55 ," [35, 8, 9, 10, 11, 12, 55]"
21,36,55 ," [36, 9, 10, 11, 12, 55]"
21,37,55 ," [37, 10, 11, 12, 55]"
21,38,55 ," [38, 11, 12, 55]"
21,39,55 ," [39, 12, 55]"
21,40,53 ," [40, 13, 14, 15, 16, 17, 18, 53]"
21,41,53 ," [41, 14, 15, 16, 17, 18, 53]"
21,42,53 ," [42, 15, 16, 17, 18, 53]"
21,43,53 ," [43, 16, 17, 18, 53]"
21,44,53 ," [44, 17, 18, 53]"
21,45,53 ," [45, 18, 53]"
21,46,53 ," [46, 14, 15, 16, 17, 18, 53]"
21,47,53 ," [47, 15, 16, 17, 18, 53]"
21,48,53 ," [48, 16, 17, 18, 53]"
21,49,53 ," [49, 17, 18, 53]"
21,50,53 ," [50, 18, 53]"
21,51,54 ," [51, 54]"
21,52,52 , [52]
21,53,53 , [53]
21,54,54 , [54]
21,55,55 , [55]
22,1,52 ," [1, 52]"
22,2,52 ," [2, 1, 52]"
22,3,52 ," [3, 2, 1, 52]"
22,4,52 ," [4, 3, 2, 1, 52]"
22,5,54 ," [5, 6, 51, 54]"
22,6,54 ," [6, 51, 54]"
22,7,55 ," [7, 8, 9, 10, 11, 12, 55]"
22,8,55 ," [8, 9, 10, 11, 12, 55]"
22,9,55 ," [9, 10, 11, 12, 55]"
22,10,55 ," [10, 11, 12, 55]"
22,11,55 ," [11, 12, 55]"
22,12,55 ," [12, 55]"
22,13,53 ," [13, 14, 15, 16, 17, 18, 53]"
22,14,53 ," [14, 15, 16, 17, 18, 53]"
22,15,53 ," [15, 16, 17, 18, 53]"
22,16,53 ," [16, 17, 18, 53]"
22,17,53 ," [17, 18, 53]"
22,18,53 ," [18, 53]"
22,19,52 ," [19, 1, 52]"
22,20,52 ," [20, 2, 1, 52]"
22,21,52 ," [21, 3, 2, 1, 52]"
22,22,54 ," [22, 4, 5, 6, 51, 54]"
22,23,54 ," [23, 5, 6, 51, 54]"
22,24,52 ," [24, 1, 52]"
22,25,52 ," [25, 2, 1, 52]"
22,26,52 ," [26, 3, 2, 1, 52]"
22,27,27 , [27]
22,28,54 ," [28, 5, 6, 51, 54]"
22,29,55 ," [29, 7, 8, 9, 10, 11, 12, 55]"
22,30,55 ," [30, 8, 9, 10, 11, 12, 55]"
22,31,55 ," [31, 9, 10, 11, 12, 55]"
22,32,55 ," [32, 10, 11, 12, 55]"
22,33,55 ," [33, 11, 12, 55]"
22,34,55 ," [34, 12, 55]"
22,35,55 ," [35, 8, 9, 10, 11, 12, 55]"
22,36,55 ," [36, 9, 10, 11, 12, 55]"
22,37,55 ," [37, 10, 11, 12, 55]"
22,38,55 ," [38, 11, 12, 55]"
22,39,55 ," [39, 12, 55]"
22,40,53 ," [40, 13, 14, 15, 16, 17, 18, 53]"
22,41,53 ," [41, 14, 15, 16, 17, 18, 53]"
22,42,53 ," [42, 15, 16, 17, 18, 53]"
22,43,53 ," [43, 16, 17, 18, 53]"
22,44,53 ," [44, 17, 18, 53]"
22,45,53 ," [45, 18, 53]"
22,46,53 ," [46, 14, 15, 16, 17, 18, 53]"
22,47,53 ," [47, 15, 16, 17, 18, 53]"
22,48,53 ," [48, 16, 17, 18, 53]"
22,49,53 ," [49, 17, 18, 53]"
22,50,53 ," [50, 18, 53]"
22,51,54 ," [51, 54]"
22,52,52 , [52]
22,53,53 , [53]
22,54,54 , [54]
22,55,55 , [55]
23,1,52 ," [1, 52]"
23,2,52 ," [2, 1, 52]"
23,3,52 ," [3, 2, 1, 52]"
23,4,52 ," [4, 3, 2, 1, 52]"
23,5,28 ," [5, 28]"
23,6,54 ," [6, 51, 54]"
23,7,55 ," [7, 8, 9, 10, 11, 12, 55]"
23,8,55 ," [8, 9, 10, 11, 12, 55]"
23,9,55 ," [9, 10, 11, 12, 55]"
23,10,55 ," [10, 11, 12, 55]"
23,11,55 ," [11, 12, 55]"
23,12,55 ," [12, 55]"
23,13,53 ," [13, 14, 15, 16, 17, 18, 53]"
23,14,53 ," [14, 15, 16, 17, 18, 53]"
23,15,53 ," [15, 16, 17, 18, 53]"
23,16,53 ," [16, 17, 18, 53]"
23,17,53 ," [17, 18, 53]"
23,18,53 ," [18, 53]"
23,19,52 ," [19, 1, 52]"
23,20,52 ," [20, 2, 1, 52]"
23,21,52 ," [21, 3, 2, 1, 52]"
23,22,52 ," [22, 4, 3, 2, 1, 52]"
23,23,52 ," [23, 5, 4, 3, 2, 1, 52]"
23,24,52 ," [24, 1, 52]"
23,25,52 ," [25, 2, 1, 52]"
23,26,52 ," [26, 3, 2, 1, 52]"
23,27,52 ," [27, 4, 3, 2, 1, 52]"
23,28,28 , [28]
23,29,55 ," [29, 7, 8, 9, 10, 11, 12, 55]"
23,30,55 ," [30, 8, 9, 10, 11, 12, 55]"
23,31,55 ," [31, 9, 10, 11, 12, 55]"
23,32,55 ," [32, 10, 11, 12, 55]"
23,33,55 ," [33, 11, 12, 55]"
23,34,55 ," [34, 12, 55]"
23,35,55 ," [35, 8, 9, 10, 11, 12, 55]"
23,36,55 ," [36, 9, 10, 11, 12, 55]"
23,37,55 ," [37, 10, 11, 12, 55]"
23,38,55 ," [38, 11, 12, 55]"
23,39,55 ," [39, 12, 55]"
23,40,53 ," [40, 13, 14, 15, 16, 17, 18, 53]"
23,41,53 ," [41, 14, 15, 16, 17, 18, 53]"
23,42,53 ," [42, 15, 16, 17, 18, 53]"
23,43,53 ," [43, 16, 17, 18, 53]"
23,44,53 ," [44, 17, 18, 53]"
23,45,53 ," [45, 18, 53]"
23,46,53 ," [46, 14, 15, 16, 17, 18, 53]"
23,47,53 ," [47, 15, 16, 17, 18, 53]"
23,48,53 ," [48, 16, 17, 18, 53]"
23,49,53 ," [49, 17, 18, 53]"
23,50,53 ," [50, 18, 53]"
23,51,54 ," [51, 54]"
23,52,52 , [52]
23,53,53 , [53]
23,54,54 , [54]
23,55,55 , [55]
24,1,52 ," [1, 52]"
24,2,54 ," [2, 3, 4, 5, 6, 51, 54]"
24,3,54 ," [3, 4, 5, 6, 51, 54]"
24,4,54 ," [4, 5, 6, 51, 54]"
24,5,54 ," [5, 6, 51, 54]"
24,6,54 ," [6, 51, 54]"
24,7,54 ," [7, 6, 51, 54]"
24,8,55 ," [8, 9, 10, 11, 12, 55]"
24,9,55 ," [9, 10, 11, 12, 55]"
24,10,55 ," [10, 11, 12, 55]"
24,11,55 ," [11, 12, 55]"
24,12,55 ," [12, 55]"
24,13,54 ," [13, 6, 51, 54]"
24,14,53 ," [14, 15, 16, 17, 18, 53]"
24,15,53 ," [15, 16, 17, 18, 53]"
24,16,53 ," [16, 17, 18, 53]"
24,17,53 ," [17, 18, 53]"
24,18,53 ," [18, 53]"
24,19,19 , [19]
24,20,54 ," [20, 2, 3, 4, 5, 6, 51, 54]"
24,21,54 ," [21, 3, 4, 5, 6, 51, 54]"
24,22,54 ," [22, 4, 5, 6, 51, 54]"
24,23,54 ," [23, 5, 6, 51, 54]"
24,24,52 ," [24, 1, 52]"
24,25,54 ," [25, 2, 3, 4, 5, 6, 51, 54]"
24,26,54 ," [26, 3, 4, 5, 6, 51, 54]"
24,27,54 ," [27, 4, 5, 6, 51, 54]"
24,28,54 ," [28, 5, 6, 51, 54]"
24,29,54 ," [29, 7, 6, 51, 54]"
24,30,55 ," [30, 8, 9, 10, 11, 12, 55]"
24,31,55 ," [31, 9, 10, 11, 12, 55]"
24,32,55 ," [32, 10, 11, 12, 55]"
24,33,55 ," [33, 11, 12, 55]"
24,34,55 ," [34, 12, 55]"
24,35,55 ," [35, 8, 9, 10, 11, 12, 55]"
24,36,55 ," [36, 9, 10, 11, 12, 55]"
24,37,55 ," [37, 10, 11, 12, 55]"
24,38,55 ," [38, 11, 12, 55]"
24,39,55 ," [39, 12, 55]"
24,40,54 ," [40, 13, 6, 51, 54]"
24,41,53 ," [41, 14, 15, 16, 17, 18, 53]"
24,42,53 ," [42, 15, 16, 17, 18, 53]"
24,43,53 ," [43, 16, 17, 18, 53]"
24,44,53 ," [44, 17, 18, 53]"
24,45,53 ," [45, 18, 53]"
24,46,53 ," [46, 14, 15, 16, 17, 18, 53]"
24,47,53 ," [47, 15, 16, 17, 18, 53]"
24,48,53 ," [48, 16, 17, 18, 53]"
24,49,53 ," [49, 17, 18, 53]"
24,50,53 ," [50, 18, 53]"
24,51,54 ," [51, 54]"
24,52,52 , [52]
24,53,53 , [53]
24,54,54 , [54]
24,55,55 , [55]
25,1,52 ," [1, 52]"
25,2,52 ," [2, 1, 52]"
25,3,54 ," [3, 4, 5, 6, 51, 54]"
25,4,54 ," [4, 5, 6, 51, 54]"
25,5,54 ," [5, 6, 51, 54]"
25,6,54 ," [6, 51, 54]"
25,7,54 ," [7, 6, 51, 54]"
25,8,55 ," [8, 9, 10, 11, 12, 55]"
25,9,55 ," [9, 10, 11, 12, 55]"
25,10,55 ," [10, 11, 12, 55]"
25,11,55 ," [11, 12, 55]"
25,12,55 ," [12, 55]"
25,13,54 ," [13, 6, 51, 54]"
25,14,53 ," [14, 15, 16, 17, 18, 53]"
25,15,53 ," [15, 16, 17, 18, 53]"
25,16,53 ," [16, 17, 18, 53]"
25,17,53 ," [17, 18, 53]"
25,18,53 ," [18, 53]"
25,19,52 ," [19, 1, 52]"
25,20,20 , [20]
25,21,54 ," [21, 3, 4, 5, 6, 51, 54]"
25,22,54 ," [22, 4, 5, 6, 51, 54]"
25,23,54 ," [23, 5, 6, 51, 54]"
25,24,52 ," [24, 1, 52]"
25,25,52 ," [25, 2, 1, 52]"
25,26,54 ," [26, 3, 4, 5, 6, 51, 54]"
25,27,54 ," [27, 4, 5, 6, 51, 54]"
25,28,54 ," [28, 5, 6, 51, 54]"
25,29,54 ," [29, 7, 6, 51, 54]"
25,30,55 ," [30, 8, 9, 10, 11, 12, 55]"
25,31,55 ," [31, 9, 10, 11, 12, 55]"
25,32,55 ," [32, 10, 11, 12, 55]"
25,33,55 ," [33, 11, 12, 55]"
25,34,55 ," [34, 12, 55]"
25,35,55 ," [35, 8, 9, 10, 11, 12, 55]"
25,36,55 ," [36, 9, 10, 11, 12, 55]"
25,37,55 ," [37, 10, 11, 12, 55]"
25,38,55 ," [38, 11, 12, 55]"
25,39,55 ," [39, 12, 55]"
25,40,54 ," [40, 13, 6, 51, 54]"
25,41,53 ," [41, 14, 15, 16, 17, 18, 53]"
25,42,53 ," [42, 15, 16, 17, 18, 53]"
25,43,53 ," [43, 16, 17, 18, 53]"
25,44,53 ," [44, 17, 18, 53]"
25,45,53 ," [45, 18, 53]"
25,46,53 ," [46, 14, 15, 16, 17, 18, 53]"
25,47,53 ," [47, 15, 16, 17, 18, 53]"
25,48,53 ," [48, 16, 17, 18, 53]"
25,49,53 ," [49, 17, 18, 53]"
25,50,53 ," [50, 18, 53]"
25,51,54 ," [51, 54]"
25,52,52 , [52]
25,53,53 , [53]
25,54,54 , [54]
25,55,55 , [55]
26,1,52 ," [1, 52]"
26,2,52 ," [2, 1, 52]"
26,3,52 ," [3, 2, 1, 52]"
26,4,54 ," [4, 5, 6, 51, 54]"
26,5,54 ," [5, 6, 51, 54]"
26,6,54 ," [6, 51, 54]"
26,7,54 ," [7, 6, 51, 54]"
26,8,55 ," [8, 9, 10, 11, 12, 55]"
26,9,55 ," [9, 10, 11, 12, 55]"
26,10,55 ," [10, 11, 12, 55]"
26,11,55 ," [11, 12, 55]"
26,12,55 ," [12, 55]"
26,13,54 ," [13, 6, 51, 54]"
26,14,53 ," [14, 15, 16, 17, 18, 53]"
26,15,53 ," [15, 16, 17, 18, 53]"
26,16,53 ," [16, 17, 18, 53]"
26,17,53 ," [17, 18, 53]"
26,18,53 ," [18, 53]"
26,19,52 ," [19, 1, 52]"
26,20,52 ," [20, 2, 1, 52]"
26,21,21 , [21]
26,22,54 ," [22, 4, 5, 6, 51, 54]"
26,23,54 ," [23, 5, 6, 51, 54]"
26,24,52 ," [24, 1, 52]"
26,25,52 ," [25, 2, 1, 52]"
26,26,52 ," [26, 3, 2, 1, 52]"
26,27,54 ," [27, 4, 5, 6, 51, 54]"
26,28,54 ," [28, 5, 6, 51, 54]"
26,29,55 ," [29, 7, 8, 9, 10, 11, 12, 55]"
26,30,55 ," [30, 8, 9, 10, 11, 12, 55]"
26,31,55 ," [31, 9, 10, 11, 12, 55]"
26,32,55 ," [32, 10, 11, 12, 55]"
26,33,55 ," [33, 11, 12, 55]"
26,34,55 ," [34, 12, 55]"
26,35,55 ," [35, 8, 9, 10, 11, 12, 55]"
26,36,55 ," [36, 9, 10, 11, 12, 55]"
26,37,55 ," [37, 10, 11, 12, 55]"
26,38,55 ," [38, 11, 12, 55]"
26,39,55 ," [39, 12, 55]"
26,40,53 ," [40, 13, 14, 15, 16, 17, 18, 53]"
26,41,53 ," [41, 14, 15, 16, 17, 18, 53]"
26,42,53 ," [42, 15, 16, 17, 18, 53]"
26,43,53 ," [43, 16, 17, 18, 53]"
26,44,53 ," [44, 17, 18, 53]"
26,45,53 ," [45, 18, 53]"
26,46,53 ," [46, 14, 15, 16, 17, 18, 53]"
26,47,53 ," [47, 15, 16, 17, 18, 53]"
26,48,53 ," [48, 16, 17, 18, 53]"
26,49,53 ," [49, 17, 18, 53]"
26,50,53 ," [50, 18, 53]"
26,51,54 ," [51, 54]"
26,52,52 , [52]
26,53,53 , [53]
26,54,54 , [54]
26,55,55 , [55]
27,1,52 ," [1, 52]"
27,2,52 ," [2, 1, 52]"
27,3,52 ," [3, 2, 1, 52]"
27,4,52 ," [4, 3, 2, 1, 52]"
27,5,54 ," [5, 6, 51, 54]"
27,6,54 ," [6, 51, 54]"
27,7,55 ," [7, 8, 9, 10, 11, 12, 55]"
27,8,55 ," [8, 9, 10, 11, 12, 55]"
27,9,55 ," [9, 10, 11, 12, 55]"
27,10,55 ," [10, 11, 12, 55]"
27,11,55 ," [11, 12, 55]"
27,12,55 ," [12, 55]"
27,13,53 ," [13, 14, 15, 16, 17, 18, 53]"
27,14,53 ," [14, 15, 16, 17, 18, 53]"
27,15,53 ," [15, 16, 17, 18, 53]"
27,16,53 ," [16, 17, 18, 53]"
27,17,53 ," [17, 18, 53]"
27,18,53 ," [18, 53]"
27,19,52 ," [19, 1, 52]"
27,20,52 ," [20, 2, 1, 52]"
27,21,52 ," [21, 3, 2, 1, 52]"
27,22,22 , [22]
27,23,54 ," [23, 5, 6, 51, 54]"
27,24,52 ," [24, 1, 52]"
27,25,52 ," [25, 2, 1, 52]"
27,26,52 ," [26, 3, 2, 1, 52]"
27,27,54 ," [27, 4, 5, 6, 51, 54]"
27,28,54 ," [28, 5, 6, 51, 54]"
27,29,55 ," [29, 7, 8, 9, 10, 11, 12, 55]"
27,30,55 ," [30, 8, 9, 10, 11, 12, 55]"
27,31,55 ," [31, 9, 10, 11, 12, 55]"
27,32,55 ," [32, 10, 11, 12, 55]"
27,33,55 ," [33, 11, 12, 55]"
27,34,55 ," [34, 12, 55]"
27,35,55 ," [35, 8, 9, 10, 11, 12, 55]"
27,36,55 ," [36, 9, 10, 11, 12, 55]"
27,37,55 ," [37, 10, 11, 12, 55]"
27,38,55 ," [38, 11, 12, 55]"
27,39,55 ," [39, 12, 55]"
27,40,53 ," [40, 13, 14, 15, 16, 17, 18, 53]"
27,41,53 ," [41, 14, 15, 16, 17, 18, 53]"
27,42,53 ," [42, 15, 16, 17, 18, 53]"
27,43,53 ," [43, 16, 17, 18, 53]"
27,44,53 ," [44, 17, 18, 53]"
27,45,53 ," [45, 18, 53]"
27,46,53 ," [46, 14, 15, 16, 17, 18, 53]"
27,47,53 ," [47, 15, 16, 17, 18, 53]"
27,48,53 ," [48, 16, 17, 18, 53]"
27,49,53 ," [49, 17, 18, 53]"
27,50,53 ," [50, 18, 53]"
27,51,54 ," [51, 54]"
27,52,52 , [52]
27,53,53 , [53]
27,54,54 , [54]
27,55,55 , [55]
28,1,52 ," [1, 52]"
28,2,52 ," [2, 1, 52]"
28,3,52 ," [3, 2, 1, 52]"
28,4,52 ," [4, 3, 2, 1, 52]"
28,5,23 ," [5, 23]"
28,6,54 ," [6, 51, 54]"
28,7,55 ," [7, 8, 9, 10, 11, 12, 55]"
28,8,55 ," [8, 9, 10, 11, 12, 55]"
28,9,55 ," [9, 10, 11, 12, 55]"
28,10,55 ," [10, 11, 12, 55]"
28,11,55 ," [11, 12, 55]"
28,12,55 ," [12, 55]"
28,13,53 ," [13, 14, 15, 16, 17, 18, 53]"
28,14,53 ," [14, 15, 16, 17, 18, 53]"
28,15,53 ," [15, 16, 17, 18, 53]"
28,16,53 ," [16, 17, 18, 53]"
28,17,53 ," [17, 18, 53]"
28,18,53 ," [18, 53]"
28,19,52 ," [19, 1, 52]"
28,20,52 ," [20, 2, 1, 52]"
28,21,52 ," [21, 3, 2, 1, 52]"
28,22,52 ," [22, 4, 3, 2, 1, 52]"
28,23,23 , [23]
28,24,52 ," [24, 1, 52]"
28,25,52 ," [25, 2, 1, 52]"
28,26,52 ," [26, 3, 2, 1, 52]"
28,27,52 ," [27, 4, 3, 2, 1, 52]"
28,28,54 ," [28, 5, 6, 51, 54]"
28,29,55 ," [29, 7, 8, 9, 10, 11, 12, 55]"
28,30,55 ," [30, 8, 9, 10, 11, 12, 55]"
28,31,55 ," [31, 9, 10, 11, 12, 55]"
28,32,55 ," [32, 10, 11, 12, 55]"
28,33,55 ," [33, 11, 12, 55]"
28,34,55 ," [34, 12, 55]"
28,35,55 ," [35, 8, 9, 10, 11, 12, 55]"
28,36,55 ," [36, 9, 10, 11, 12, 55]"
28,37,55 ," [37, 10, 11, 12, 55]"
28,38,55 ," [38, 11, 12, 55]"
28,39,55 ," [39, 12, 55]"
28,40,53 ," [40, 13, 14, 15, 16, 17, 18, 53]"
28,41,53 ," [41, 14, 15, 16, 17, 18, 53]"
28,42,53 ," [42, 15, 16, 17, 18, 53]"
28,43,53 ," [43, 16, 17, 18, 53]"
28,44,53 ," [44, 17, 18, 53]"
28,45,53 ," [45, 18, 53]"
28,46,53 ," [46, 14, 15, 16, 17, 18, 53]"
28,47,53 ," [47, 15, 16, 17, 18, 53]"
28,48,53 ," [48, 16, 17, 18, 53]"
28,49,53 ," [49, 17, 18, 53]"
28,50,53 ," [50, 18, 53]"
28,51,54 ," [51, 54]"
28,52,52 , [52]
28,53,53 , [53]
28,54,54 , [54]
28,55,55 , [55]
29,1,52 ," [1, 52]"
29,2,52 ," [2, 1, 52]"
29,3,52 ," [3, 2, 1, 52]"
29,4,52 ," [4, 3, 2, 1, 52]"
29,5,54 ," [5, 6, 51, 54]"
29,6,54 ," [6, 51, 54]"
29,7,54 ," [7, 6, 51, 54]"
29,8,55 ," [8, 9, 10, 11, 12, 55]"
29,9,55 ," [9, 10, 11, 12, 55]"
29,10,55 ," [10, 11, 12, 55]"
29,11,55 ," [11, 12, 55]"
29,12,55 ," [12, 55]"
29,13,53 ," [13, 14, 15, 16, 17, 18, 53]"
29,14,53 ," [14, 15, 16, 17, 18, 53]"
29,15,53 ," [15, 16, 17, 18, 53]"
29,16,53 ," [16, 17, 18, 53]"
29,17,53 ," [17, 18, 53]"
29,18,53 ," [18, 53]"
29,19,52 ," [19, 1, 52]"
29,20,52 ," [20, 2, 1, 52]"
29,21,52 ," [21, 3, 2, 1, 52]"
29,22,52 ," [22, 4, 3, 2, 1, 52]"
29,23,52 ," [23, 5, 4, 3, 2, 1, 52]"
29,24,52 ," [24, 1, 52]"
29,25,52 ," [25, 2, 1, 52]"
29,26,52 ," [26, 3, 2, 1, 52]"
29,27,52 ," [27, 4, 3, 2, 1, 52]"
29,28,52 ," [28, 5, 4, 3, 2, 1, 52]"
29,29,54 ," [29, 7, 6, 51, 54]"
29,30,55 ," [30, 8, 9, 10, 11, 12, 55]"
29,31,55 ," [31, 9, 10, 11, 12, 55]"
29,32,55 ," [32, 10, 11, 12, 55]"
29,33,55 ," [33, 11, 12, 55]"
29,34,55 ," [34, 12, 55]"
29,35,55 ," [35, 8, 9, 10, 11, 12, 55]"
29,36,55 ," [36, 9, 10, 11, 12, 55]"
29,37,55 ," [37, 10, 11, 12, 55]"
29,38,55 ," [38, 11, 12, 55]"
29,39,55 ," [39, 12, 55]"
29,40,53 ," [40, 13, 14, 15, 16, 17, 18, 53]"
29,41,53 ," [41, 14, 15, 16, 17, 18, 53]"
29,42,53 ," [42, 15, 16, 17, 18, 53]"
29,43,53 ," [43, 16, 17, 18, 53]"
29,44,53 ," [44, 17, 18, 53]"
29,45,53 ," [45, 18, 53]"
29,46,53 ," [46, 14, 15, 16, 17, 18, 53]"
29,47,53 ," [47, 15, 16, 17, 18, 53]"
29,48,53 ," [48, 16, 17, 18, 53]"
29,49,53 ," [49, 17, 18, 53]"
29,50,53 ," [50, 18, 53]"
29,51,54 ," [51, 54]"
29,52,52 , [52]
29,53,53 , [53]
29,54,54 , [54]
29,55,55 , [55]
30,1,52 ," [1, 52]"
30,2,52 ," [2, 1, 52]"
30,3,52 ," [3, 2, 1, 52]"
30,4,52 ," [4, 3, 2, 1, 52]"
30,5,54 ," [5, 6, 51, 54]"
30,6,54 ," [6, 51, 54]"
30,7,54 ," [7, 6, 51, 54]"
30,8,55 ," [8, 9, 10, 11, 12, 55]"
30,9,55 ," [9, 10, 11, 12, 55]"
30,10,55 ," [10, 11, 12, 55]"
30,11,55 ," [11, 12, 55]"
30,12,55 ," [12, 55]"
30,13,54 ," [13, 6, 51, 54]"
30,14,53 ," [14, 15, 16, 17, 18, 53]"
30,15,53 ," [15, 16, 17, 18, 53]"
30,16,53 ," [16, 17, 18, 53]"
30,17,53 ," [17, 18, 53]"
30,18,53 ," [18, 53]"
30,19,52 ," [19, 1, 52]"
30,20,52 ," [20, 2, 1, 52]"
30,21,52 ," [21, 3, 2, 1, 52]"
30,22,52 ," [22, 4, 3, 2, 1, 52]"
30,23,54 ," [23, 5, 6, 51, 54]"
30,24,52 ," [24, 1, 52]"
30,25,52 ," [25, 2, 1, 52]"
30,26,52 ," [26, 3, 2, 1, 52]"
30,27,52 ," [27, 4, 3, 2, 1, 52]"
30,28,54 ," [28, 5, 6, 51, 54]"
30,29,54 ," [29, 7, 6, 51, 54]"
30,30,55 ," [30, 8, 9, 10, 11, 12, 55]"
30,31,55 ," [31, 9, 10, 11, 12, 55]"
30,32,55 ," [32, 10, 11, 12, 55]"
30,33,55 ," [33, 11, 12, 55]"
30,34,55 ," [34, 12, 55]"
30,35,35 , [35]
30,36,55 ," [36, 9, 10, 11, 12, 55]"
30,37,55 ," [37, 10, 11, 12, 55]"
30,38,55 ," [38, 11, 12, 55]"
30,39,55 ," [39, 12, 55]"
30,40,54 ," [40, 13, 6, 51, 54]"
30,41,53 ," [41, 14, 15, 16, 17, 18, 53]"
30,42,53 ," [42, 15, 16, 17, 18, 53]"
30,43,53 ," [43, 16, 17, 18, 53]"
30,44,53 ," [44, 17, 18, 53]"
30,45,53 ," [45, 18, 53]"
30,46,53 ," [46, 14, 15, 16, 17, 18, 53]"
30,47,53 ," [47, 15, 16, 17, 18, 53]"
30,48,53 ," [48, 16, 17, 18, 53]"
30,49,53 ," [49, 17, 18, 53]"
30,50,53 ," [50, 18, 53]"
30,51,54 ," [51, 54]"
30,52,52 , [52]
30,53,53 , [53]
30,54,54 , [54]
30,55,55 , [55]
31,1,52 ," [1, 52]"
31,2,52 ," [2, 1, 52]"
31,3,52 ," [3, 2, 1, 52]"
31,4,52 ," [4, 3, 2, 1, 52]"
31,5,54 ," [5, 6, 51, 54]"
31,6,54 ," [6, 51, 54]"
31,7,54 ," [7, 6, 51, 54]"
31,8,54 ," [8, 7, 6, 51, 54]"
31,9,55 ," [9, 10, 11, 12, 55]"
31,10,55 ," [10, 11, 12, 55]"
31,11,55 ," [11, 12, 55]"
31,12,55 ," [12, 55]"
31,13,54 ," [13, 6, 51, 54]"
31,14,53 ," [14, 15, 16, 17, 18, 53]"
31,15,53 ," [15, 16, 17, 18, 53]"
31,16,53 ," [16, 17, 18, 53]"
31,17,53 ," [17, 18, 53]"
31,18,53 ," [18, 53]"
31,19,52 ," [19, 1, 52]"
31,20,52 ," [20, 2, 1, 52]"
31,21,52 ," [21, 3, 2, 1, 52]"
31,22,52 ," [22, 4, 3, 2, 1, 52]"
31,23,54 ," [23, 5, 6, 51, 54]"
31,24,52 ," [24, 1, 52]"
31,25,52 ," [25, 2, 1, 52]"
31,26,52 ," [26, 3, 2, 1, 52]"
31,27,52 ," [27, 4, 3, 2, 1, 52]"
31,28,54 ," [28, 5, 6, 51, 54]"
31,29,54 ," [29, 7, 6, 51, 54]"
31,30,54 ," [30, 8, 7, 6, 51, 54]"
31,31,55 ," [31, 9, 10, 11, 12, 55]"
31,32,55 ," [32, 10, 11, 12, 55]"
31,33,55 ," [33, 11, 12, 55]"
31,34,55 ," [34, 12, 55]"
31,35,54 ," [35, 8, 7, 6, 51, 54]"
31,36,36 , [36]
31,37,55 ," [37, 10, 11, 12, 55]"
31,38,55 ," [38, 11, 12, 55]"
31,39,55 ," [39, 12, 55]"
31,40,54 ," [40, 13, 6, 51, 54]"
31,41,53 ," [41, 14, 15, 16, 17, 18, 53]"
31,42,53 ," [42, 15, 16, 17, 18, 53]"
31,43,53 ," [43, 16, 17, 18, 53]"
31,44,53 ," [44, 17, 18, 53]"
31,45,53 ," [45, 18, 53]"
31,46,53 ," [46, 14, 15, 16, 17, 18, 53]"
31,47,53 ," [47, 15, 16, 17, 18, 53]"
31,48,53 ," [48, 16, 17, 18, 53]"
31,49,53 ," [49, 17, 18, 53]"
31,50,53 ," [50, 18, 53]"
31,51,54 ," [51, 54]"
31,52,52 , [52]
31,53,53 , [53]
31,54,54 , [54]
31,55,55 , [55]
32,1,52 ," [1, 52]"
32,2,52 ," [2, 1, 52]"
32,3,52 ," [3, 2, 1, 52]"
32,4,52 ," [4, 3, 2, 1, 52]"
32,5,54 ," [5, 6, 51, 54]"
32,6,54 ," [6, 51, 54]"
32,7,54 ," [7, 6, 51, 54]"
32,8,54 ," [8, 7, 6, 51, 54]"
32,9,54 ," [9, 8, 7, 6, 51, 54]"
32,10,55 ," [10, 11, 12, 55]"
32,11,55 ," [11, 12, 55]"
32,12,55 ," [12, 55]"
32,13,54 ," [13, 6, 51, 54]"
32,14,53 ," [14, 15, 16, 17, 18, 53]"
32,15,53 ," [15, 16, 17, 18, 53]"
32,16,53 ," [16, 17, 18, 53]"
32,17,53 ," [17, 18, 53]"
32,18,53 ," [18, 53]"
32,19,52 ," [19, 1, 52]"
32,20,52 ," [20, 2, 1, 52]"
32,21,52 ," [21, 3, 2, 1, 52]"
32,22,52 ," [22, 4, 3, 2, 1, 52]"
32,23,54 ," [23, 5, 6, 51, 54]"
32,24,52 ," [24, 1, 52]"
32,25,52 ," [25, 2, 1, 52]"
32,26,52 ," [26, 3, 2, 1, 52]"
32,27,52 ," [27, 4, 3, 2, 1, 52]"
32,28,54 ," [28, 5, 6, 51, 54]"
32,29,54 ," [29, 7, 6, 51, 54]"
32,30,54 ," [30, 8, 7, 6, 51, 54]"
32,31,54 ," [31, 9, 8, 7, 6, 51, 54]"
32,32,55 ," [32, 10, 11, 12, 55]"
32,33,55 ," [33, 11, 12, 55]"
32,34,55 ," [34, 12, 55]"
32,35,54 ," [35, 8, 7, 6, 51, 54]"
32,36,54 ," [36, 9, 8, 7, 6, 51, 54]"
32,37,37 , [37]
32,38,55 ," [38, 11, 12, 55]"
32,39,55 ," [39, 12, 55]"
32,40,54 ," [40, 13, 6, 51, 54]"
32,41,53 ," [41, 14, 15, 16, 17, 18, 53]"
32,42,53 ," [42, 15, 16, 17, 18, 53]"
32,43,53 ," [43, 16, 17, 18, 53]"
32,44,53 ," [44, 17, 18, 53]"
32,45,53 ," [45, 18, 53]"
32,46,53 ," [46, 14, 15, 16, 17, 18, 53]"
32,47,53 ," [47, 15, 16, 17, 18, 53]"
32,48,53 ," [48, 16, 17, 18, 53]"
32,49,53 ," [49, 17, 18, 53]"
32,50,53 ," [50, 18, 53]"
32,51,54 ," [51, 54]"
32,52,52 , [52]
32,53,53 , [53]
32,54,54 , [54]
32,55,55 , [55]
33,1,52 ," [1, 52]"
33,2,52 ," [2, 1, 52]"
33,3,52 ," [3, 2, 1, 52]"
33,4,52 ," [4, 3, 2, 1, 52]"
33,5,54 ," [5, 6, 51, 54]"
33,6,54 ," [6, 51, 54]"
33,7,54 ," [7, 6, 51, 54]"
33,8,54 ," [8, 7, 6, 51, 54]"
33,9,54 ," [9, 8, 7, 6, 51, 54]"
33,10,54 ," [10, 9, 8, 7, 6, 51, 54]"
33,11,55 ," [11, 12, 55]"
33,12,55 ," [12, 55]"
33,13,54 ," [13, 6, 51, 54]"
33,14,53 ," [14, 15, 16, 17, 18, 53]"
33,15,53 ," [15, 16, 17, 18, 53]"
33,16,53 ," [16, 17, 18, 53]"
33,17,53 ," [17, 18, 53]"
33,18,53 ," [18, 53]"
33,19,52 ," [19, 1, 52]"
33,20,52 ," [20, 2, 1, 52]"
33,21,52 ," [21, 3, 2, 1, 52]"
33,22,52 ," [22, 4, 3, 2, 1, 52]"
33,23,54 ," [23, 5, 6, 51, 54]"
33,24,52 ," [24, 1, 52]"
33,25,52 ," [25, 2, 1, 52]"
33,26,52 ," [26, 3, 2, 1, 52]"
33,27,52 ," [27, 4, 3, 2, 1, 52]"
33,28,54 ," [28, 5, 6, 51, 54]"
33,29,54 ," [29, 7, 6, 51, 54]"
33,30,54 ," [30, 8, 7, 6, 51, 54]"
33,31,54 ," [31, 9, 8, 7, 6, 51, 54]"
33,32,54 ," [32, 10, 9, 8, 7, 6, 51, 54]"
33,33,55 ," [33, 11, 12, 55]"
33,34,55 ," [34, 12, 55]"
33,35,54 ," [35, 8, 7, 6, 51, 54]"
33,36,54 ," [36, 9, 8, 7, 6, 51, 54]"
33,37,54 ," [37, 10, 9, 8, 7, 6, 51, 54]"
33,38,38 , [38]
33,39,55 ," [39, 12, 55]"
33,40,54 ," [40, 13, 6, 51, 54]"
33,41,53 ," [41, 14, 15, 16, 17, 18, 53]"
33,42,53 ," [42, 15, 16, 17, 18, 53]"
33,43,53 ," [43, 16, 17, 18, 53]"
33,44,53 ," [44, 17, 18, 53]"
33,45,53 ," [45, 18, 53]"
33,46,53 ," [46, 14, 15, 16, 17, 18, 53]"
33,47,53 ," [47, 15, 16, 17, 18, 53]"
33,48,53 ," [48, 16, 17, 18, 53]"
33,49,53 ," [49, 17, 18, 53]"
33,50,53 ," [50, 18, 53]"
33,51,54 ," [51, 54]"
33,52,52 , [52]
33,53,53 , [53]
33,54,54 , [54]
33,55,55 , [55]
34,1,52 ," [1, 52]"
34,2,52 ," [2, 1, 52]"
34,3,52 ," [3, 2, 1, 52]"
34,4,52 ," [4, 3, 2, 1, 52]"
34,5,54 ," [5, 6, 51, 54]"
34,6,54 ," [6, 51, 54]"
34,7,54 ," [7, 6, 51, 54]"
34,8,54 ," [8, 7, 6, 51, 54]"
34,9,54 ," [9, 8, 7, 6, 51, 54]"
34,10,54 ," [10, 9, 8, 7, 6, 51, 54]"
34,11,54 ," [11, 10, 9, 8, 7, 6, 51, 54]"
34,12,55 ," [12, 55]"
34,13,54 ," [13, 6, 51, 54]"
34,14,53 ," [14, 15, 16, 17, 18, 53]"
34,15,53 ," [15, 16, 17, 18, 53]"
34,16,53 ," [16, 17, 18, 53]"
34,17,53 ," [17, 18, 53]"
34,18,53 ," [18, 53]"
34,19,52 ," [19, 1, 52]"
34,20,52 ," [20, 2, 1, 52]"
34,21,52 ," [21, 3, 2, 1, 52]"
34,22,52 ," [22, 4, 3, 2, 1, 52]"
34,23,54 ," [23, 5, 6, 51, 54]"
34,24,52 ," [24, 1, 52]"
34,25,52 ," [25, 2, 1, 52]"
34,26,52 ," [26, 3, 2, 1, 52]"
34,27,52 ," [27, 4, 3, 2, 1, 52]"
34,28,54 ," [28, 5, 6, 51, 54]"
34,29,54 ," [29, 7, 6, 51, 54]"
34,30,54 ," [30, 8, 7, 6, 51, 54]"
34,31,54 ," [31, 9, 8, 7, 6, 51, 54]"
34,32,54 ," [32, 10, 9, 8, 7, 6, 51, 54]"
34,33,54 ," [33, 11, 10, 9, 8, 7, 6, 51, 54]"
34,34,55 ," [34, 12, 55]"
34,35,54 ," [35, 8, 7, 6, 51, 54]"
34,36,54 ," [36, 9, 8, 7, 6, 51, 54]"
34,37,54 ," [37, 10, 9, 8, 7, 6, 51, 54]"
34,38,54 ," [38, 11, 10, 9, 8, 7, 6, 51, 54]"
34,39,39 , [39]
34,40,54 ," [40, 13, 6, 51, 54]"
34,41,53 ," [41, 14, 15, 16, 17, 18, 53]"
34,42,53 ," [42, 15, 16, 17, 18, 53]"
34,43,53 ," [43, 16, 17, 18, 53]"
34,44,53 ," [44, 17, 18, 53]"
34,45,53 ," [45, 18, 53]"
34,46,53 ," [46, 14, 15, 16, 17, 18, 53]"
34,47,53 ," [47, 15, 16, 17, 18, 53]"
34,48,53 ," [48, 16, 17, 18, 53]"
34,49,53 ," [49, 17, 18, 53]"
34,50,53 ," [50, 18, 53]"
34,51,54 ," [51, 54]"
34,52,52 , [52]
34,53,53 , [53]
34,54,54 , [54]
34,55,55 , [55]
35,1,52 ," [1, 52]"
35,2,52 ," [2, 1, 52]"
35,3,52 ," [3, 2, 1, 52]"
35,4,52 ," [4, 3, 2, 1, 52]"
35,5,54 ," [5, 6, 51, 54]"
35,6,54 ," [6, 51, 54]"
35,7,54 ," [7, 6, 51, 54]"
35,8,30 ," [8, 30]"
35,9,55 ," [9, 10, 11, 12, 55]"
35,10,55 ," [10, 11, 12, 55]"
35,11,55 ," [11, 12, 55]"
35,12,55 ," [12, 55]"
35,13,54 ," [13, 6, 51, 54]"
35,14,53 ," [14, 15, 16, 17, 18, 53]"
35,15,53 ," [15, 16, 17, 18, 53]"
35,16,53 ," [16, 17, 18, 53]"
35,17,53 ," [17, 18, 53]"
35,18,53 ," [18, 53]"
35,19,52 ," [19, 1, 52]"
35,20,52 ," [20, 2, 1, 52]"
35,21,52 ," [21, 3, 2, 1, 52]"
35,22,52 ," [22, 4, 3, 2, 1, 52]"
35,23,54 ," [23, 5, 6, 51, 54]"
35,24,52 ," [24, 1, 52]"
35,25,52 ," [25, 2, 1, 52]"
35,26,52 ," [26, 3, 2, 1, 52]"
35,27,52 ," [27, 4, 3, 2, 1, 52]"
35,28,54 ," [28, 5, 6, 51, 54]"
35,29,54 ," [29, 7, 6, 51, 54]"
35,30,30 , [30]
35,31,55 ," [31, 9, 10, 11, 12, 55]"
35,32,55 ," [32, 10, 11, 12, 55]"
35,33,55 ," [33, 11, 12, 55]"
35,34,55 ," [34, 12, 55]"
35,35,55 ," [35, 8, 9, 10, 11, 12, 55]"
35,36,55 ," [36, 9, 10, 11, 12, 55]"
35,37,55 ," [37, 10, 11, 12, 55]"
35,38,55 ," [38, 11, 12, 55]"
35,39,55 ," [39, 12, 55]"
35,40,54 ," [40, 13, 6, 51, 54]"
35,41,53 ," [41, 14, 15, 16, 17, 18, 53]"
35,42,53 ," [42, 15, 16, 17, 18, 53]"
35,43,53 ," [43, 16, 17, 18, 53]"
35,44,53 ," [44, 17, 18, 53]"
35,45,53 ," [45, 18, 53]"
35,46,53 ," [46, 14, 15, 16, 17, 18, 53]"
35,47,53 ," [47, 15, 16, 17, 18, 53]"
35,48,53 ," [48, 16, 17, 18, 53]"
35,49,53 ," [49, 17, 18, 53]"
35,50,53 ," [50, 18, 53]"
35,51,54 ," [51, 54]"
35,52,52 , [52]
35,53,53 , [53]
35,54,54 , [54]
35,55,55 , [55]
36,1,52 ," [1, 52]"
36,2,52 ," [2, 1, 52]"
36,3,52 ," [3, 2, 1, 52]"
36,4,52 ," [4, 3, 2, 1, 52]"
36,5,54 ," [5, 6, 51, 54]"
36,6,54 ," [6, 51, 54]"
36,7,54 ," [7, 6, 51, 54]"
36,8,54 ," [8, 7, 6, 51, 54]"
36,9,31 ," [9, 31]"
36,10,55 ," [10, 11, 12, 55]"
36,11,55 ," [11, 12, 55]"
36,12,55 ," [12, 55]"
36,13,54 ," [13, 6, 51, 54]"
36,14,53 ," [14, 15, 16, 17, 18, 53]"
36,15,53 ," [15, 16, 17, 18, 53]"
36,16,53 ," [16, 17, 18, 53]"
36,17,53 ," [17, 18, 53]"
36,18,53 ," [18, 53]"
36,19,52 ," [19, 1, 52]"
36,20,52 ," [20, 2, 1, 52]"
36,21,52 ," [21, 3, 2, 1, 52]"
36,22,52 ," [22, 4, 3, 2, 1, 52]"
36,23,54 ," [23, 5, 6, 51, 54]"
36,24,52 ," [24, 1, 52]"
36,25,52 ," [25, 2, 1, 52]"
36,26,52 ," [26, 3, 2, 1, 52]"
36,27,52 ," [27, 4, 3, 2, 1, 52]"
36,28,54 ," [28, 5, 6, 51, 54]"
36,29,54 ," [29, 7, 6, 51, 54]"
36,30,54 ," [30, 8, 7, 6, 51, 54]"
36,31,31 , [31]
36,32,55 ," [32, 10, 11, 12, 55]"
36,33,55 ," [33, 11, 12, 55]"
36,34,55 ," [34, 12, 55]"
36,35,54 ," [35, 8, 7, 6, 51, 54]"
36,36,55 ," [36, 9, 10, 11, 12, 55]"
36,37,55 ," [37, 10, 11, 12, 55]"
36,38,55 ," [38, 11, 12, 55]"
36,39,55 ," [39, 12, 55]"
36,40,54 ," [40, 13, 6, 51, 54]"
36,41,53 ," [41, 14, 15, 16, 17, 18, 53]"
36,42,53 ," [42, 15, 16, 17, 18, 53]"
36,43,53 ," [43, 16, 17, 18, 53]"
36,44,53 ," [44, 17, 18, 53]"
36,45,53 ," [45, 18, 53]"
36,46,53 ," [46, 14, 15, 16, 17, 18, 53]"
36,47,53 ," [47, 15, 16, 17, 18, 53]"
36,48,53 ," [48, 16, 17, 18, 53]"
36,49,53 ," [49, 17, 18, 53]"
36,50,53 ," [50, 18, 53]"
36,51,54 ," [51, 54]"
36,52,52 , [52]
36,53,53 , [53]
36,54,54 , [54]
36,55,55 , [55]
37,1,52 ," [1, 52]"
37,2,52 ," [2, 1, 52]"
37,3,52 ," [3, 2, 1, 52]"
37,4,52 ," [4, 3, 2, 1, 52]"
37,5,54 ," [5, 6, 51, 54]"
37,6,54 ," [6, 51, 54]"
37,7,54 ," [7, 6, 51, 54]"
37,8,54 ," [8, 7, 6, 51, 54]"
37,9,54 ," [9, 8, 7, 6, 51, 54]"
37,10,32 ," [10, 32]"
37,11,55 ," [11, 12, 55]"
37,12,55 ," [12, 55]"
37,13,54 ," [13, 6, 51, 54]"
37,14,53 ," [14, 15, 16, 17, 18, 53]"
37,15,53 ," [15, 16, 17, 18, 53]"
37,16,53 ," [16, 17, 18, 53]"
37,17,53 ," [17, 18, 53]"
37,18,53 ," [18, 53]"
37,19,52 ," [19, 1, 52]"
37,20,52 ," [20, 2, 1, 52]"
37,21,52 ," [21, 3, 2, 1, 52]"
37,22,52 ," [22, 4, 3, 2, 1, 52]"
37,23,54 ," [23, 5, 6, 51, 54]"
37,24,52 ," [24, 1, 52]"
37,25,52 ," [25, 2, 1, 52]"
37,26,52 ," [26, 3, 2, 1, 52]"
37,27,52 ," [27, 4, 3, 2, 1, 52]"
37,28,54 ," [28, 5, 6, 51, 54]"
37,29,54 ," [29, 7, 6, 51, 54]"
37,30,54 ," [30, 8, 7, 6, 51, 54]"
37,31,54 ," [31, 9, 8, 7, 6, 51, 54]"
37,32,32 , [32]
37,33,55 ," [33, 11, 12, 55]"
37,34,55 ," [34, 12, 55]"
37,35,54 ," [35, 8, 7, 6, 51, 54]"
37,36,54 ," [36, 9, 8, 7, 6, 51, 54]"
37,37,55 ," [37, 10, 11, 12, 55]"
37,38,55 ," [38, 11, 12, 55]"
37,39,55 ," [39, 12, 55]"
37,40,54 ," [40, 13, 6, 51, 54]"
37,41,53 ," [41, 14, 15, 16, 17, 18, 53]"
37,42,53 ," [42, 15, 16, 17, 18, 53]"
37,43,53 ," [43, 16, 17, 18, 53]"
37,44,53 ," [44, 17, 18, 53]"
37,45,53 ," [45, 18, 53]"
37,46,53 ," [46, 14, 15, 16, 17, 18, 53]"
37,47,53 ," [47, 15, 16, 17, 18, 53]"
37,48,53 ," [48, 16, 17, 18, 53]"
37,49,53 ," [49, 17, 18, 53]"
37,50,53 ," [50, 18, 53]"
37,51,54 ," [51, 54]"
37,52,52 , [52]
37,53,53 , [53]
37,54,54 , [54]
37,55,55 , [55]
38,1,52 ," [1, 52]"
38,2,52 ," [2, 1, 52]"
38,3,52 ," [3, 2, 1, 52]"
38,4,52 ," [4, 3, 2, 1, 52]"
38,5,54 ," [5, 6, 51, 54]"
38,6,54 ," [6, 51, 54]"
38,7,54 ," [7, 6, 51, 54]"
38,8,54 ," [8, 7, 6, 51, 54]"
38,9,54 ," [9, 8, 7, 6, 51, 54]"
38,10,54 ," [10, 9, 8, 7, 6, 51, 54]"
38,11,55 ," [11, 12, 55]"
38,12,55 ," [12, 55]"
38,13,54 ," [13, 6, 51, 54]"
38,14,53 ," [14, 15, 16, 17, 18, 53]"
38,15,53 ," [15, 16, 17, 18, 53]"
38,16,53 ," [16, 17, 18, 53]"
38,17,53 ," [17, 18, 53]"
38,18,53 ," [18, 53]"
38,19,52 ," [19, 1, 52]"
38,20,52 ," [20, 2, 1, 52]"
38,21,52 ," [21, 3, 2, 1, 52]"
38,22,52 ," [22, 4, 3, 2, 1, 52]"
38,23,54 ," [23, 5, 6, 51, 54]"
38,24,52 ," [24, 1, 52]"
38,25,52 ," [25, 2, 1, 52]"
38,26,52 ," [26, 3, 2, 1, 52]"
38,27,52 ," [27, 4, 3, 2, 1, 52]"
38,28,54 ," [28, 5, 6, 51, 54]"
38,29,54 ," [29, 7, 6, 51, 54]"
38,30,54 ," [30, 8, 7, 6, 51, 54]"
38,31,54 ," [31, 9, 8, 7, 6, 51, 54]"
38,32,54 ," [32, 10, 9, 8, 7, 6, 51, 54]"
38,33,33 , [33]
38,34,55 ," [34, 12, 55]"
38,35,54 ," [35, 8, 7, 6, 51, 54]"
38,36,54 ," [36, 9, 8, 7, 6, 51, 54]"
38,37,54 ," [37, 10, 9, 8, 7, 6, 51, 54]"
38,38,55 ," [38, 11, 12, 55]"
38,39,55 ," [39, 12, 55]"
38,40,54 ," [40, 13, 6, 51, 54]"
38,41,53 ," [41, 14, 15, 16, 17, 18, 53]"
38,42,53 ," [42, 15, 16, 17, 18, 53]"
38,43,53 ," [43, 16, 17, 18, 53]"
38,44,53 ," [44, 17, 18, 53]"
38,45,53 ," [45, 18, 53]"
38,46,53 ," [46, 14, 15, 16, 17, 18, 53]"
38,47,53 ," [47, 15, 16, 17, 18, 53]"
38,48,53 ," [48, 16, 17, 18, 53]"
38,49,53 ," [49, 17, 18, 53]"
38,50,53 ," [50, 18, 53]"
38,51,54 ," [51, 54]"
38,52,52 , [52]
38,53,53 , [53]
38,54,54 , [54]
38,55,55 , [55]
39,1,52 ," [1, 52]"
39,2,52 ," [2, 1, 52]"
39,3,52 ," [3, 2, 1, 52]"
39,4,52 ," [4, 3, 2, 1, 52]"
39,5,54 ," [5, 6, 51, 54]"
39,6,54 ," [6, 51, 54]"
39,7,54 ," [7, 6, 51, 54]"
39,8,54 ," [8, 7, 6, 51, 54]"
39,9,54 ," [9, 8, 7, 6, 51, 54]"
39,10,54 ," [10, 9, 8, 7, 6, 51, 54]"
39,11,54 ," [11, 10, 9, 8, 7, 6, 51, 54]"
39,12,55 ," [12, 55]"
39,13,54 ," [13, 6, 51, 54]"
39,14,53 ," [14, 15, 16, 17, 18, 53]"
39,15,53 ," [15, 16, 17, 18, 53]"
39,16,53 ," [16, 17, 18, 53]"
39,17,53 ," [17, 18, 53]"
39,18,53 ," [18, 53]"
39,19,52 ," [19, 1, 52]"
39,20,52 ," [20, 2, 1, 52]"
39,21,52 ," [21, 3, 2, 1, 52]"
39,22,52 ," [22, 4, 3, 2, 1, 52]"
39,23,54 ," [23, 5, 6, 51, 54]"
39,24,52 ," [24, 1, 52]"
39,25,52 ," [25, 2, 1, 52]"
39,26,52 ," [26, 3, 2, 1, 52]"
39,27,52 ," [27, 4, 3, 2, 1, 52]"
39,28,54 ," [28, 5, 6, 51, 54]"
39,29,54 ," [29, 7, 6, 51, 54]"
39,30,54 ," [30, 8, 7, 6, 51, 54]"
39,31,54 ," [31, 9, 8, 7, 6, 51, 54]"
39,32,54 ," [32, 10, 9, 8, 7, 6, 51, 54]"
39,33,54 ," [33, 11, 10, 9, 8, 7, 6, 51, 54]"
39,34,34 , [34]
39,35,54 ," [35, 8, 7, 6, 51, 54]"
39,36,54 ," [36, 9, 8, 7, 6, 51, 54]"
39,37,54 ," [37, 10, 9, 8, 7, 6, 51, 54]"
39,38,54 ," [38, 11, 10, 9, 8, 7, 6, 51, 54]"
39,39,55 ," [39, 12, 55]"
39,40,54 ," [40, 13, 6, 51, 54]"
39,41,53 ," [41, 14, 15, 16, 17, 18, 53]"
39,42,53 ," [42, 15, 16, 17, 18, 53]"
39,43,53 ," [43, 16, 17, 18, 53]"
39,44,53 ," [44, 17, 18, 53]"
39,45,53 ," [45, 18, 53]"
39,46,53 ," [46, 14, 15, 16, 17, 18, 53]"
39,47,53 ," [47, 15, 16, 17, 18, 53]"
39,48,53 ," [48, 16, 17, 18, 53]"
39,49,53 ," [49, 17, 18, 53]"
39,50,53 ," [50, 18, 53]"
39,51,54 ," [51, 54]"
39,52,52 , [52]
39,53,53 , [53]
39,54,54 , [54]
39,55,55 , [55]
40,1,52 ," [1, 52]"
40,2,52 ," [2, 1, 52]"
40,3,52 ," [3, 2, 1, 52]"
40,4,52 ," [4, 3, 2, 1, 52]"
40,5,54 ," [5, 6, 51, 54]"
40,6,54 ," [6, 51, 54]"
40,7,55 ," [7, 8, 9, 10, 11, 12, 55]"
40,8,55 ," [8, 9, 10, 11, 12, 55]"
40,9,55 ," [9, 10, 11, 12, 55]"
40,10,55 ," [10, 11, 12, 55]"
40,11,55 ," [11, 12, 55]"
40,12,55 ," [12, 55]"
40,13,54 ," [13, 6, 51, 54]"
40,14,53 ," [14, 15, 16, 17, 18, 53]"
40,15,53 ," [15, 16, 17, 18, 53]"
40,16,53 ," [16, 17, 18, 53]"
40,17,53 ," [17, 18, 53]"
40,18,53 ," [18, 53]"
40,19,52 ," [19, 1, 52]"
40,20,52 ," [20, 2, 1, 52]"
40,21,52 ," [21, 3, 2, 1, 52]"
40,22,52 ," [22, 4, 3, 2, 1, 52]"
40,23,52 ," [23, 5, 4, 3, 2, 1, 52]"
40,24,52 ," [24, 1, 52]"
40,25,52 ," [25, 2, 1, 52]"
40,26,52 ," [26, 3, 2, 1, 52]"
40,27,52 ," [27, 4, 3, 2, 1, 52]"
40,28,52 ," [28, 5, 4, 3, 2, 1, 52]"
40,29,55 ," [29, 7, 8, 9, 10, 11, 12, 55]"
40,30,55 ," [30, 8, 9, 10, 11, 12, 55]"
40,31,55 ," [31, 9, 10, 11, 12, 55]"
40,32,55 ," [32, 10, 11, 12, 55]"
40,33,55 ," [33, 11, 12, 55]"
40,34,55 ," [34, 12, 55]"
40,35,55 ," [35, 8, 9, 10, 11, 12, 55]"
40,36,55 ," [36, 9, 10, 11, 12, 55]"
40,37,55 ," [37, 10, 11, 12, 55]"
40,38,55 ," [38, 11, 12, 55]"
40,39,55 ," [39, 12, 55]"
40,40,54 ," [40, 13, 6, 51, 54]"
40,41,53 ," [41, 14, 15, 16, 17, 18, 53]"
40,42,53 ," [42, 15, 16, 17, 18, 53]"
40,43,53 ," [43, 16, 17, 18, 53]"
40,44,53 ," [44, 17, 18, 53]"
40,45,53 ," [45, 18, 53]"
40,46,53 ," [46, 14, 15, 16, 17, 18, 53]"
40,47,53 ," [47, 15, 16, 17, 18, 53]"
40,48,53 ," [48, 16, 17, 18, 53]"
40,49,53 ," [49, 17, 18, 53]"
40,50,53 ," [50, 18, 53]"
40,51,54 ," [51, 54]"
40,52,52 , [52]
40,53,53 , [53]
40,54,54 , [54]
40,55,55 , [55]
41,1,52 ," [1, 52]"
41,2,52 ," [2, 1, 52]"
41,3,52 ," [3, 2, 1, 52]"
41,4,52 ," [4, 3, 2, 1, 52]"
41,5,54 ," [5, 6, 51, 54]"
41,6,54 ," [6, 51, 54]"
41,7,54 ," [7, 6, 51, 54]"
41,8,55 ," [8, 9, 10, 11, 12, 55]"
41,9,55 ," [9, 10, 11, 12, 55]"
41,10,55 ," [10, 11, 12, 55]"
41,11,55 ," [11, 12, 55]"
41,12,55 ," [12, 55]"
41,13,54 ," [13, 6, 51, 54]"
41,14,46 ," [14, 46]"
41,15,53 ," [15, 16, 17, 18, 53]"
41,16,53 ," [16, 17, 18, 53]"
41,17,53 ," [17, 18, 53]"
41,18,53 ," [18, 53]"
41,19,52 ," [19, 1, 52]"
41,20,52 ," [20, 2, 1, 52]"
41,21,52 ," [21, 3, 2, 1, 52]"
41,22,52 ," [22, 4, 3, 2, 1, 52]"
41,23,54 ," [23, 5, 6, 51, 54]"
41,24,52 ," [24, 1, 52]"
41,25,52 ," [25, 2, 1, 52]"
41,26,52 ," [26, 3, 2, 1, 52]"
41,27,52 ," [27, 4, 3, 2, 1, 52]"
41,28,54 ," [28, 5, 6, 51, 54]"
41,29,54 ," [29, 7, 6, 51, 54]"
41,30,55 ," [30, 8, 9, 10, 11, 12, 55]"
41,31,55 ," [31, 9, 10, 11, 12, 55]"
41,32,55 ," [32, 10, 11, 12, 55]"
41,33,55 ," [33, 11, 12, 55]"
41,34,55 ," [34, 12, 55]"
41,35,55 ," [35, 8, 9, 10, 11, 12, 55]"
41,36,55 ," [36, 9, 10, 11, 12, 55]"
41,37,55 ," [37, 10, 11, 12, 55]"
41,38,55 ," [38, 11, 12, 55]"
41,39,55 ," [39, 12, 55]"
41,40,54 ," [40, 13, 6, 51, 54]"
41,41,53 ," [41, 14, 15, 16, 17, 18, 53]"
41,42,53 ," [42, 15, 16, 17, 18, 53]"
41,43,53 ," [43, 16, 17, 18, 53]"
41,44,53 ," [44, 17, 18, 53]"
41,45,53 ," [45, 18, 53]"
41,46,46 , [46]
41,47,53 ," [47, 15, 16, 17, 18, 53]"
41,48,53 ," [48, 16, 17, 18, 53]"
41,49,53 ," [49, 17, 18, 53]"
41,50,53 ," [50, 18, 53]"
41,51,54 ," [51, 54]"
41,52,52 , [52]
41,53,53 , [53]
41,54,54 , [54]
41,55,55 , [55]
42,1,52 ," [1, 52]"
42,2,52 ," [2, 1, 52]"
42,3,52 ," [3, 2, 1, 52]"
42,4,52 ," [4, 3, 2, 1, 52]"
42,5,54 ," [5, 6, 51, 54]"
42,6,54 ," [6, 51, 54]"
42,7,54 ," [7, 6, 51, 54]"
42,8,55 ," [8, 9, 10, 11, 12, 55]"
42,9,55 ," [9, 10, 11, 12, 55]"
42,10,55 ," [10, 11, 12, 55]"
42,11,55 ," [11, 12, 55]"
42,12,55 ," [12, 55]"
42,13,54 ," [13, 6, 51, 54]"
42,14,54 ," [14, 13, 6, 51, 54]"
42,15,47 ," [15, 47]"
42,16,53 ," [16, 17, 18, 53]"
42,17,53 ," [17, 18, 53]"
42,18,53 ," [18, 53]"
42,19,52 ," [19, 1, 52]"
42,20,52 ," [20, 2, 1, 52]"
42,21,52 ," [21, 3, 2, 1, 52]"
42,22,52 ," [22, 4, 3, 2, 1, 52]"
42,23,54 ," [23, 5, 6, 51, 54]"
42,24,52 ," [24, 1, 52]"
42,25,52 ," [25, 2, 1, 52]"
42,26,52 ," [26, 3, 2, 1, 52]"
42,27,52 ," [27, 4, 3, 2, 1, 52]"
42,28,54 ," [28, 5, 6, 51, 54]"
42,29,54 ," [29, 7, 6, 51, 54]"
42,30,55 ," [30, 8, 9, 10, 11, 12, 55]"
42,31,55 ," [31, 9, 10, 11, 12, 55]"
42,32,55 ," [32, 10, 11, 12, 55]"
42,33,55 ," [33, 11, 12, 55]"
42,34,55 ," [34, 12, 55]"
42,35,55 ," [35, 8, 9, 10, 11, 12, 55]"
42,36,55 ," [36, 9, 10, 11, 12, 55]"
42,37,55 ," [37, 10, 11, 12, 55]"
42,38,55 ," [38, 11, 12, 55]"
42,39,55 ," [39, 12, 55]"
42,40,54 ," [40, 13, 6, 51, 54]"
42,41,54 ," [41, 14, 13, 6, 51, 54]"
42,42,53 ," [42, 15, 16, 17, 18, 53]"
42,43,53 ," [43, 16, 17, 18, 53]"
42,44,53 ," [44, 17, 18, 53]"
42,45,53 ," [45, 18, 53]"
42,46,54 ," [46, 14, 13, 6, 51, 54]"
42,47,47 , [47]
42,48,53 ," [48, 16, 17, 18, 53]"
42,49,53 ," [49, 17, 18, 53]"
42,50,53 ," [50, 18, 53]"
42,51,54 ," [51, 54]"
42,52,52 , [52]
42,53,53 , [53]
42,54,54 , [54]
42,55,55 , [55]
43,1,52 ," [1, 52]"
43,2,52 ," [2, 1, 52]"
43,3,52 ," [3, 2, 1, 52]"
43,4,52 ," [4, 3, 2, 1, 52]"
43,5,54 ," [5, 6, 51, 54]"
43,6,54 ," [6, 51, 54]"
43,7,54 ," [7, 6, 51, 54]"
43,8,55 ," [8, 9, 10, 11, 12, 55]"
43,9,55 ," [9, 10, 11, 12, 55]"
43,10,55 ," [10, 11, 12, 55]"
43,11,55 ," [11, 12, 55]"
43,12,55 ," [12, 55]"
43,13,54 ," [13, 6, 51, 54]"
43,14,54 ," [14, 13, 6, 51, 54]"
43,15,54 ," [15, 14, 13, 6, 51, 54]"
43,16,48 ," [16, 48]"
43,17,53 ," [17, 18, 53]"
43,18,53 ," [18, 53]"
43,19,52 ," [19, 1, 52]"
43,20,52 ," [20, 2, 1, 52]"
43,21,52 ," [21, 3, 2, 1, 52]"
43,22,52 ," [22, 4, 3, 2, 1, 52]"
43,23,54 ," [23, 5, 6, 51, 54]"
43,24,52 ," [24, 1, 52]"
43,25,52 ," [25, 2, 1, 52]"
43,26,52 ," [26, 3, 2, 1, 52]"
43,27,52 ," [27, 4, 3, 2, 1, 52]"
43,28,54 ," [28, 5, 6, 51, 54]"
43,29,54 ," [29, 7, 6, 51, 54]"
43,30,55 ," [30, 8, 9, 10, 11, 12, 55]"
43,31,55 ," [31, 9, 10, 11, 12, 55]"
43,32,55 ," [32, 10, 11, 12, 55]"
43,33,55 ," [33, 11, 12, 55]"
43,34,55 ," [34, 12, 55]"
43,35,55 ," [35, 8, 9, 10, 11, 12, 55]"
43,36,55 ," [36, 9, 10, 11, 12, 55]"
43,37,55 ," [37, 10, 11, 12, 55]"
43,38,55 ," [38, 11, 12, 55]"
43,39,55 ," [39, 12, 55]"
43,40,54 ," [40, 13, 6, 51, 54]"
43,41,54 ," [41, 14, 13, 6, 51, 54]"
43,42,54 ," [42, 15, 14, 13, 6, 51, 54]"
43,43,53 ," [43, 16, 17, 18, 53]"
43,44,53 ," [44, 17, 18, 53]"
43,45,53 ," [45, 18, 53]"
43,46,54 ," [46, 14, 13, 6, 51, 54]"
43,47,54 ," [47, 15, 14, 13, 6, 51, 54]"
43,48,48 , [48]
43,49,53 ," [49, 17, 18, 53]"
43,50,53 ," [50, 18, 53]"
43,51,54 ," [51, 54]"
43,52,52 , [52]
43,53,53 , [53]
43,54,54 , [54]
43,55,55 , [55]
44,1,52 ," [1, 52]"
44,2,52 ," [2, 1, 52]"
44,3,52 ," [3, 2, 1, 52]"
44,4,52 ," [4, 3, 2, 1, 52]"
44,5,54 ," [5, 6, 51, 54]"
44,6,54 ," [6, 51, 54]"
44,7,54 ," [7, 6, 51, 54]"
44,8,55 ," [8, 9, 10, 11, 12, 55]"
44,9,55 ," [9, 10, 11, 12, 55]"
44,10,55 ," [10, 11, 12, 55]"
44,11,55 ," [11, 12, 55]"
44,12,55 ," [12, 55]"
44,13,54 ," [13, 6, 51, 54]"
44,14,54 ," [14, 13, 6, 51, 54]"
44,15,54 ," [15, 14, 13, 6, 51, 54]"
44,16,54 ," [16, 15, 14, 13, 6, 51, 54]"
44,17,53 ," [17, 18, 53]"
44,18,53 ," [18, 53]"
44,19,52 ," [19, 1, 52]"
44,20,52 ," [20, 2, 1, 52]"
44,21,52 ," [21, 3, 2, 1, 52]"
44,22,52 ," [22, 4, 3, 2, 1, 52]"
44,23,54 ," [23, 5, 6, 51, 54]"
44,24,52 ," [24, 1, 52]"
44,25,52 ," [25, 2, 1, 52]"
44,26,52 ," [26, 3, 2, 1, 52]"
44,27,52 ," [27, 4, 3, 2, 1, 52]"
44,28,54 ," [28, 5, 6, 51, 54]"
44,29,54 ," [29, 7, 6, 51, 54]"
44,30,55 ," [30, 8, 9, 10, 11, 12, 55]"
44,31,55 ," [31, 9, 10, 11, 12, 55]"
44,32,55 ," [32, 10, 11, 12, 55]"
44,33,55 ," [33, 11, 12, 55]"
44,34,55 ," [34, 12, 55]"
44,35,55 ," [35, 8, 9, 10, 11, 12, 55]"
44,36,55 ," [36, 9, 10, 11, 12, 55]"
44,37,55 ," [37, 10, 11, 12, 55]"
44,38,55 ," [38, 11, 12, 55]"
44,39,55 ," [39, 12, 55]"
44,40,54 ," [40, 13, 6, 51, 54]"
44,41,54 ," [41, 14, 13, 6, 51, 54]"
44,42,54 ," [42, 15, 14, 13, 6, 51, 54]"
44,43,54 ," [43, 16, 15, 14, 13, 6, 51, 54]"
44,44,53 ," [44, 17, 18, 53]"
44,45,53 ," [45, 18, 53]"
44,46,54 ," [46, 14, 13, 6, 51, 54]"
44,47,54 ," [47, 15, 14, 13, 6, 51, 54]"
44,48,54 ," [48, 16, 15, 14, 13, 6, 51, 54]"
44,49,49 , [49]
44,50,53 ," [50, 18, 53]"
44,51,54 ," [51, 54]"
44,52,52 , [52]
44,53,53 , [53]
44,54,54 , [54]
44,55,55 , [55]
45,1,52 ," [1, 52]"
45,2,52 ," [2, 1, 52]"
45,3,52 ," [3, 2, 1, 52]"
45,4,52 ," [4, 3, 2, 1, 52]"
45,5,54 ," [5, 6, 51, 54]"
45,6,54 ," [6, 51, 54]"
45,7,54 ," [7, 6, 51, 54]"
45,8,55 ," [8, 9, 10, 11, 12, 55]"
45,9,55 ," [9, 10, 11, 12, 55]"
45,10,55 ," [10, 11, 12, 55]"
45,11,55 ," [11, 12, 55]"
45,12,55 ," [12, 55]"
45,13,54 ," [13, 6, 51, 54]"
45,14,54 ," [14, 13, 6, 51, 54]"
45,15,54 ," [15, 14, 13, 6, 51, 54]"
45,16,54 ," [16, 15, 14, 13, 6, 51, 54]"
45,17,54 ," [17, 16, 15, 14, 13, 6, 51, 54]"
45,18,53 ," [18, 53]"
45,19,52 ," [19, 1, 52]"
45,20,52 ," [20, 2, 1, 52]"
45,21,52 ," [21, 3, 2, 1, 52]"
45,22,52 ," [22, 4, 3, 2, 1, 52]"
45,23,54 ," [23, 5, 6, 51, 54]"
45,24,52 ," [24, 1, 52]"
45,25,52 ," [25, 2, 1, 52]"
45,26,52 ," [26, 3, 2, 1, 52]"
45,27,52 ," [27, 4, 3, 2, 1, 52]"
45,28,54 ," [28, 5, 6, 51, 54]"
45,29,54 ," [29, 7, 6, 51, 54]"
45,30,55 ," [30, 8, 9, 10, 11, 12, 55]"
45,31,55 ," [31, 9, 10, 11, 12, 55]"
45,32,55 ," [32, 10, 11, 12, 55]"
45,33,55 ," [33, 11, 12, 55]"
45,34,55 ," [34, 12, 55]"
45,35,55 ," [35, 8, 9, 10, 11, 12, 55]"
45,36,55 ," [36, 9, 10, 11, 12, 55]"
45,37,55 ," [37, 10, 11, 12, 55]"
45,38,55 ," [38, 11, 12, 55]"
45,39,55 ," [39, 12, 55]"
45,40,54 ," [40, 13, 6, 51, 54]"
45,41,54 ," [41, 14, 13, 6, 51, 54]"
45,42,54 ," [42, 15, 14, 13, 6, 51, 54]"
45,43,54 ," [43, 16, 15, 14, 13, 6, 51, 54]"
45,44,54 ," [44, 17, 16, 15, 14, 13, 6, 51, 54]"
45,45,53 ," [45, 18, 53]"
45,46,54 ," [46, 14, 13, 6, 51, 54]"
45,47,54 ," [47, 15, 14, 13, 6, 51, 54]"
45,48,54 ," [48, 16, 15, 14, 13, 6, 51, 54]"
45,49,54 ," [49, 17, 16, 15, 14, 13, 6, 51, 54]"
45,50,50 , [50]
45,51,54 ," [51, 54]"
45,52,52 , [52]
45,53,53 , [53]
45,54,54 , [54]
45,55,55 , [55]
46,1,52 ," [1, 52]"
46,2,52 ," [2, 1, 52]"
46,3,52 ," [3, 2, 1, 52]"
46,4,52 ," [4, 3, 2, 1, 52]"
46,5,54 ," [5, 6, 51, 54]"
46,6,54 ," [6, 51, 54]"
46,7,54 ," [7, 6, 51, 54]"
46,8,55 ," [8, 9, 10, 11, 12, 55]"
46,9,55 ," [9, 10, 11, 12, 55]"
46,10,55 ," [10, 11, 12, 55]"
46,11,55 ," [11, 12, 55]"
46,12,55 ," [12, 55]"
46,13,54 ," [13, 6, 51, 54]"
46,14,53 ," [14, 15, 16, 17, 18, 53]"
46,15,53 ," [15, 16, 17, 18, 53]"
46,16,53 ," [16, 17, 18, 53]"
46,17,53 ," [17, 18, 53]"
46,18,53 ," [18, 53]"
46,19,52 ," [19, 1, 52]"
46,20,52 ," [20, 2, 1, 52]"
46,21,52 ," [21, 3, 2, 1, 52]"
46,22,52 ," [22, 4, 3, 2, 1, 52]"
46,23,54 ," [23, 5, 6, 51, 54]"
46,24,52 ," [24, 1, 52]"
46,25,52 ," [25, 2, 1, 52]"
46,26,52 ," [26, 3, 2, 1, 52]"
46,27,52 ," [27, 4, 3, 2, 1, 52]"
46,28,54 ," [28, 5, 6, 51, 54]"
46,29,54 ," [29, 7, 6, 51, 54]"
46,30,55 ," [30, 8, 9, 10, 11, 12, 55]"
46,31,55 ," [31, 9, 10, 11, 12, 55]"
46,32,55 ," [32, 10, 11, 12, 55]"
46,33,55 ," [33, 11, 12, 55]"
46,34,55 ," [34, 12, 55]"
46,35,55 ," [35, 8, 9, 10, 11, 12, 55]"
46,36,55 ," [36, 9, 10, 11, 12, 55]"
46,37,55 ," [37, 10, 11, 12, 55]"
46,38,55 ," [38, 11, 12, 55]"
46,39,55 ," [39, 12, 55]"
46,40,54 ," [40, 13, 6, 51, 54]"
46,41,41 , [41]
46,42,53 ," [42, 15, 16, 17, 18, 53]"
46,43,53 ," [43, 16, 17, 18, 53]"
46,44,53 ," [44, 17, 18, 53]"
46,45,53 ," [45, 18, 53]"
46,46,53 ," [46, 14, 15, 16, 17, 18, 53]"
46,47,53 ," [47, 15, 16, 17, 18, 53]"
46,48,53 ," [48, 16, 17, 18, 53]"
46,49,53 ," [49, 17, 18, 53]"
46,50,53 ," [50, 18, 53]"
46,51,54 ," [51, 54]"
46,52,52 , [52]
46,53,53 , [53]
46,54,54 , [54]
46,55,55 , [55]
47,1,52 ," [1, 52]"
47,2,52 ," [2, 1, 52]"
47,3,52 ," [3, 2, 1, 52]"
47,4,52 ," [4, 3, 2, 1, 52]"
47,5,54 ," [5, 6, 51, 54]"
47,6,54 ," [6, 51, 54]"
47,7,54 ," [7, 6, 51, 54]"
47,8,55 ," [8, 9, 10, 11, 12, 55]"
47,9,55 ," [9, 10, 11, 12, 55]"
47,10,55 ," [10, 11, 12, 55]"
47,11,55 ," [11, 12, 55]"
47,12,55 ," [12, 55]"
47,13,54 ," [13, 6, 51, 54]"
47,14,54 ," [14, 13, 6, 51, 54]"
47,15,53 ," [15, 16, 17, 18, 53]"
47,16,53 ," [16, 17, 18, 53]"
47,17,53 ," [17, 18, 53]"
47,18,53 ," [18, 53]"
47,19,52 ," [19, 1, 52]"
47,20,52 ," [20, 2, 1, 52]"
47,21,52 ," [21, 3, 2, 1, 52]"
47,22,52 ," [22, 4, 3, 2, 1, 52]"
47,23,54 ," [23, 5, 6, 51, 54]"
47,24,52 ," [24, 1, 52]"
47,25,52 ," [25, 2, 1, 52]"
47,26,52 ," [26, 3, 2, 1, 52]"
47,27,52 ," [27, 4, 3, 2, 1, 52]"
47,28,54 ," [28, 5, 6, 51, 54]"
47,29,54 ," [29, 7, 6, 51, 54]"
47,30,55 ," [30, 8, 9, 10, 11, 12, 55]"
47,31,55 ," [31, 9, 10, 11, 12, 55]"
47,32,55 ," [32, 10, 11, 12, 55]"
47,33,55 ," [33, 11, 12, 55]"
47,34,55 ," [34, 12, 55]"
47,35,55 ," [35, 8, 9, 10, 11, 12, 55]"
47,36,55 ," [36, 9, 10, 11, 12, 55]"
47,37,55 ," [37, 10, 11, 12, 55]"
47,38,55 ," [38, 11, 12, 55]"
47,39,55 ," [39, 12, 55]"
47,40,54 ," [40, 13, 6, 51, 54]"
47,41,54 ," [41, 14, 13, 6, 51, 54]"
47,42,42 , [42]
47,43,53 ," [43, 16, 17, 18, 53]"
47,44,53 ," [44, 17, 18, 53]"
47,45,53 ," [45, 18, 53]"
47,46,54 ," [46, 14, 13, 6, 51, 54]"
47,47,53 ," [47, 15, 16, 17, 18, 53]"
47,48,53 ," [48, 16, 17, 18, 53]"
47,49,53 ," [49, 17, 18, 53]"
47,50,53 ," [50, 18, 53]"
47,51,54 ," [51, 54]"
47,52,52 , [52]
47,53,53 , [53]
47,54,54 , [54]
47,55,55 , [55]
48,1,52 ," [1, 52]"
48,2,52 ," [2, 1, 52]"
48,3,52 ," [3, 2, 1, 52]"
48,4,52 ," [4, 3, 2, 1, 52]"
48,5,54 ," [5, 6, 51, 54]"
48,6,54 ," [6, 51, 54]"
48,7,54 ," [7, 6, 51, 54]"
48,8,55 ," [8, 9, 10, 11, 12, 55]"
48,9,55 ," [9, 10, 11, 12, 55]"
48,10,55 ," [10, 11, 12, 55]"
48,11,55 ," [11, 12, 55]"
48,12,55 ," [12, 55]"
48,13,54 ," [13, 6, 51, 54]"
48,14,54 ," [14, 13, 6, 51, 54]"
48,15,54 ," [15, 14, 13, 6, 51, 54]"
48,16,53 ," [16, 17, 18, 53]"
48,17,53 ," [17, 18, 53]"
48,18,53 ," [18, 53]"
48,19,52 ," [19, 1, 52]"
48,20,52 ," [20, 2, 1, 52]"
48,21,52 ," [21, 3, 2, 1, 52]"
48,22,52 ," [22, 4, 3, 2, 1, 52]"
48,23,54 ," [23, 5, 6, 51, 54]"
48,24,52 ," [24, 1, 52]"
48,25,52 ," [25, 2, 1, 52]"
48,26,52 ," [26, 3, 2, 1, 52]"
48,27,52 ," [27, 4, 3, 2, 1, 52]"
48,28,54 ," [28, 5, 6, 51, 54]"
48,29,54 ," [29, 7, 6, 51, 54]"
48,30,55 ," [30, 8, 9, 10, 11, 12, 55]"
48,31,55 ," [31, 9, 10, 11, 12, 55]"
48,32,55 ," [32, 10, 11, 12, 55]"
48,33,55 ," [33, 11, 12, 55]"
48,34,55 ," [34, 12, 55]"
48,35,55 ," [35, 8, 9, 10, 11, 12, 55]"
48,36,55 ," [36, 9, 10, 11, 12, 55]"
48,37,55 ," [37, 10, 11, 12, 55]"
48,38,55 ," [38, 11, 12, 55]"
48,39,55 ," [39, 12, 55]"
48,40,54 ," [40, 13, 6, 51, 54]"
48,41,54 ," [41, 14, 13, 6, 51, 54]"
48,42,54 ," [42, 15, 14, 13, 6, 51, 54]"
48,43,43 , [43]
48,44,53 ," [44, 17, 18, 53]"
48,45,53 ," [45, 18, 53]"
48,46,54 ," [46, 14, 13, 6, 51, 54]"
48,47,54 ," [47, 15, 14, 13, 6, 51, 54]"
48,48,53 ," [48, 16, 17, 18, 53]"
48,49,53 ," [49, 17, 18, 53]"
48,50,53 ," [50, 18, 53]"
48,51,54 ," [51, 54]"
48,52,52 , [52]
48,53,53 , [53]
48,54,54 , [54]
48,55,55 , [55]
49,1,52 ," [1, 52]"
49,2,52 ," [2, 1, 52]"
49,3,52 ," [3, 2, 1, 52]"
49,4,52 ," [4, 3, 2, 1, 52]"
49,5,54 ," [5, 6, 51, 54]"
49,6,54 ," [6, 51, 54]"
49,7,54 ," [7, 6, 51, 54]"
49,8,55 ," [8, 9, 10, 11, 12, 55]"
49,9,55 ," [9, 10, 11, 12, 55]"
49,10,55 ," [10, 11, 12, 55]"
49,11,55 ," [11, 12, 55]"
49,12,55 ," [12, 55]"
49,13,54 ," [13, 6, 51, 54]"
49,14,54 ," [14, 13, 6, 51, 54]"
49,15,54 ," [15, 14, 13, 6, 51, 54]"
49,16,54 ," [16, 15, 14, 13, 6, 51, 54]"
49,17,53 ," [17, 18, 53]"
49,18,53 ," [18, 53]"
49,19,52 ," [19, 1, 52]"
49,20,52 ," [20, 2, 1, 52]"
49,21,52 ," [21, 3, 2, 1, 52]"
49,22,52 ," [22, 4, 3, 2, 1, 52]"
49,23,54 ," [23, 5, 6, 51, 54]"
49,24,52 ," [24, 1, 52]"
49,25,52 ," [25, 2, 1, 52]"
49,26,52 ," [26, 3, 2, 1, 52]"
49,27,52 ," [27, 4, 3, 2, 1, 52]"
49,28,54 ," [28, 5, 6, 51, 54]"
49,29,54 ," [29, 7, 6, 51, 54]"
49,30,55 ," [30, 8, 9, 10, 11, 12, 55]"
49,31,55 ," [31, 9, 10, 11, 12, 55]"
49,32,55 ," [32, 10, 11, 12, 55]"
49,33,55 ," [33, 11, 12, 55]"
49,34,55 ," [34, 12, 55]"
49,35,55 ," [35, 8, 9, 10, 11, 12, 55]"
49,36,55 ," [36, 9, 10, 11, 12, 55]"
49,37,55 ," [37, 10, 11, 12, 55]"
49,38,55 ," [38, 11, 12, 55]"
49,39,55 ," [39, 12, 55]"
49,40,54 ," [40, 13, 6, 51, 54]"
49,41,54 ," [41, 14, 13, 6, 51, 54]"
49,42,54 ," [42, 15, 14, 13, 6, 51, 54]"
49,43,54 ," [43, 16, 15, 14, 13, 6, 51, 54]"
49,44,44 , [44]
49,45,53 ," [45, 18, 53]"
49,46,54 ," [46, 14, 13, 6, 51, 54]"
49,47,54 ," [47, 15, 14, 13, 6, 51, 54]"
49,48,54 ," [48, 16, 15, 14, 13, 6, 51, 54]"
49,49,53 ," [49, 17, 18, 53]"
49,50,53 ," [50, 18, 53]"
49,51,54 ," [51, 54]"
49,52,52 , [52]
49,53,53 , [53]
49,54,54 , [54]
49,55,55 , [55]
50,1,52 ," [1, 52]"
50,2,52 ," [2, 1, 52]"
50,3,52 ," [3, 2, 1, 52]"
50,4,52 ," [4, 3, 2, 1, 52]"
50,5,54 ," [5, 6, 51, 54]"
50,6,54 ," [6, 51, 54]"
50,7,54 ," [7, 6, 51, 54]"
50,8,55 ," [8, 9, 10, 11, 12, 55]"
50,9,55 ," [9, 10, 11, 12, 55]"
50,10,55 ," [10, 11, 12, 55]"
50,11,55 ," [11, 12, 55]"
50,12,55 ," [12, 55]"
50,13,54 ," [13, 6, 51, 54]"
50,14,54 ," [14, 13, 6, 51, 54]"
50,15,54 ," [15, 14, 13, 6, 51, 54]"
50,16,54 ," [16, 15, 14, 13, 6, 51, 54]"
50,17,54 ," [17, 16, 15, 14, 13, 6, 51, 54]"
50,18,53 ," [18, 53]"
50,19,52 ," [19, 1, 52]"
50,20,52 ," [20, 2, 1, 52]"
50,21,52 ," [21, 3, 2, 1, 52]"
50,22,52 ," [22, 4, 3, 2, 1, 52]"
50,23,54 ," [23, 5, 6, 51, 54]"
50,24,52 ," [24, 1, 52]"
50,25,52 ," [25, 2, 1, 52]"
50,26,52 ," [26, 3, 2, 1, 52]"
50,27,52 ," [27, 4, 3, 2, 1, 52]"
50,28,54 ," [28, 5, 6, 51, 54]"
50,29,54 ," [29, 7, 6, 51, 54]"
50,30,55 ," [30, 8, 9, 10, 11, 12, 55]"
50,31,55 ," [31, 9, 10, 11, 12, 55]"
50,32,55 ," [32, 10, 11, 12, 55]"
50,33,55 ," [33, 11, 12, 55]"
50,34,55 ," [34, 12, 55]"
50,35,55 ," [35, 8, 9, 10, 11, 12, 55]"
50,36,55 ," [36, 9, 10, 11, 12, 55]"
50,37,55 ," [37, 10, 11, 12, 55]"
50,38,55 ," [38, 11, 12, 55]"
50,39,55 ," [39, 12, 55]"
50,40,54 ," [40, 13, 6, 51, 54]"
50,41,54 ," [41, 14, 13, 6, 51, 54]"
50,42,54 ," [42, 15, 14, 13, 6, 51, 54]"
50,43,54 ," [43, 16, 15, 14, 13, 6, 51, 54]"
50,44,54 ," [44, 17, 16, 15, 14, 13, 6, 51, 54]"
50,45,45 , [45]
50,46,54 ," [46, 14, 13, 6, 51, 54]"
50,47,54 ," [47, 15, 14, 13, 6, 51, 54]"
50,48,54 ," [48, 16, 15, 14, 13, 6, 51, 54]"
50,49,54 ," [49, 17, 16, 15, 14, 13, 6, 51, 54]"
50,50,53 ," [50, 18, 53]"
50,51,54 ," [51, 54]"
50,52,52 , [52]
50,53,53 , [53]
50,54,54 , [54]
50,55,55 , [55]
51,1,52 ," [1, 52]"
51,2,52 ," [2, 1, 52]"
51,3,52 ," [3, 2, 1, 52]"
51,4,52 ," [4, 3, 2, 1, 52]"
51,5,52 ," [5, 4, 3, 2, 1, 52]"
51,6,52 ," [6, 5, 4, 3, 2, 1, 52]"
51,7,55 ," [7, 8, 9, 10, 11, 12, 55]"
51,8,55 ," [8, 9, 10, 11, 12, 55]"
51,9,55 ," [9, 10, 11, 12, 55]"
51,10,55 ," [10, 11, 12, 55]"
51,11,55 ," [11, 12, 55]"
51,12,55 ," [12, 55]"
51,13,53 ," [13, 14, 15, 16, 17, 18, 53]"
51,14,53 ," [14, 15, 16, 17, 18, 53]"
51,15,53 ," [15, 16, 17, 18, 53]"
51,16,53 ," [16, 17, 18, 53]"
51,17,53 ," [17, 18, 53]"
51,18,53 ," [18, 53]"
51,19,52 ," [19, 1, 52]"
51,20,52 ," [20, 2, 1, 52]"
51,21,52 ," [21, 3, 2, 1, 52]"
51,22,52 ," [22, 4, 3, 2, 1, 52]"
51,23,52 ," [23, 5, 4, 3, 2, 1, 52]"
51,24,52 ," [24, 1, 52]"
51,25,52 ," [25, 2, 1, 52]"
51,26,52 ," [26, 3, 2, 1, 52]"
51,27,52 ," [27, 4, 3, 2, 1, 52]"
51,28,52 ," [28, 5, 4, 3, 2, 1, 52]"
51,29,55 ," [29, 7, 8, 9, 10, 11, 12, 55]"
51,30,55 ," [30, 8, 9, 10, 11, 12, 55]"
51,31,55 ," [31, 9, 10, 11, 12, 55]"
51,32,55 ," [32, 10, 11, 12, 55]"
51,33,55 ," [33, 11, 12, 55]"
51,34,55 ," [34, 12, 55]"
51,35,55 ," [35, 8, 9, 10, 11, 12, 55]"
51,36,55 ," [36, 9, 10, 11, 12, 55]"
51,37,55 ," [37, 10, 11, 12, 55]"
51,38,55 ," [38, 11, 12, 55]"
51,39,55 ," [39, 12, 55]"
51,40,53 ," [40, 13, 14, 15, 16, 17, 18, 53]"
51,41,53 ," [41, 14, 15, 16, 17, 18, 53]"
51,42,53 ," [42, 15, 16, 17, 18, 53]"
51,43,53 ," [43, 16, 17, 18, 53]"
51,44,53 ," [44, 17, 18, 53]"
51,45,53 ," [45, 18, 53]"
51,46,53 ," [46, 14, 15, 16, 17, 18, 53]"
51,47,53 ," [47, 15, 16, 17, 18, 53]"
51,48,53 ," [48, 16, 17, 18, 53]"
51,49,53 ," [49, 17, 18, 53]"
51,50,53 ," [50, 18, 53]"
51,51,52 ," [51, 6, 5, 4, 3, 2, 1, 52]"
51,52,52 , [52]
51,53,53 , [53]
51,54,54 , [54]
51,55,55 , [55]
52,1,54 ," [1, 2, 3, 4, 5, 6, 51, 54]"
52,2,54 ," [2, 3, 4, 5, 6, 51, 54]"
52,3,54 ," [3, 4, 5, 6, 51, 54]"
52,4,54 ," [4, 5, 6, 51, 54]"
52,5,54 ," [5, 6, 51, 54]"
52,6,54 ," [6, 51, 54]"
52,7,54 ," [7, 6, 51, 54]"
52,8,55 ," [8, 9, 10, 11, 12, 55]"
52,9,55 ," [9, 10, 11, 12, 55]"
52,10,55 ," [10, 11, 12, 55]"
52,11,55 ," [11, 12, 55]"
52,12,55 ," [12, 55]"
52,13,54 ," [13, 6, 51, 54]"
52,14,53 ," [14, 15, 16, 17, 18, 53]"
52,15,53 ," [15, 16, 17, 18, 53]"
52,16,53 ," [16, 17, 18, 53]"
52,17,53 ," [17, 18, 53]"
52,18,53 ," [18, 53]"
52,19,1 ," [19, 1]"
52,20,54 ," [20, 2, 3, 4, 5, 6, 51, 54]"
52,21,54 ," [21, 3, 4, 5, 6, 51, 54]"
52,22,54 ," [22, 4, 5, 6, 51, 54]"
52,23,54 ," [23, 5, 6, 51, 54]"
52,24,1 ," [24, 1]"
52,25,54 ," [25, 2, 3, 4, 5, 6, 51, 54]"
52,26,54 ," [26, 3, 4, 5, 6, 51, 54]"
52,27,54 ," [27, 4, 5, 6, 51, 54]"
52,28,54 ," [28, 5, 6, 51, 54]"
52,29,54 ," [29, 7, 6, 51, 54]"
52,30,55 ," [30, 8, 9, 10, 11, 12, 55]"
52,31,55 ," [31, 9, 10, 11, 12, 55]"
52,32,55 ," [32, 10, 11, 12, 55]"
52,33,55 ," [33, 11, 12, 55]"
52,34,55 ," [34, 12, 55]"
52,35,55 ," [35, 8, 9, 10, 11, 12, 55]"
52,36,55 ," [36, 9, 10, 11, 12, 55]"
52,37,55 ," [37, 10, 11, 12, 55]"
52,38,55 ," [38, 11, 12, 55]"
52,39,55 ," [39, 12, 55]"
52,40,54 ," [40, 13, 6, 51, 54]"
52,41,53 ," [41, 14, 15, 16, 17, 18, 53]"
52,42,53 ," [42, 15, 16, 17, 18, 53]"
52,43,53 ," [43, 16, 17, 18, 53]"
52,44,53 ," [44, 17, 18, 53]"
52,45,53 ," [45, 18, 53]"
52,46,53 ," [46, 14, 15, 16, 17, 18, 53]"
52,47,53 ," [47, 15, 16, 17, 18, 53]"
52,48,53 ," [48, 16, 17, 18, 53]"
52,49,53 ," [49, 17, 18, 53]"
52,50,53 ," [50, 18, 53]"
52,51,54 ," [51, 54]"
52,52,52 , [52]
52,53,53 , [53]
52,54,54 , [54]
52,55,55 , [55]
53,1,52 ," [1, 52]"
53,2,52 ," [2, 1, 52]"
53,3,52 ," [3, 2, 1, 52]"
53,4,52 ," [4, 3, 2, 1, 52]"
53,5,54 ," [5, 6, 51, 54]"
53,6,54 ," [6, 51, 54]"
53,7,54 ," [7, 6, 51, 54]"
53,8,55 ," [8, 9, 10, 11, 12, 55]"
53,9,55 ," [9, 10, 11, 12, 55]"
53,10,55 ," [10, 11, 12, 55]"
53,11,55 ," [11, 12, 55]"
53,12,55 ," [12, 55]"
53,13,54 ," [13, 6, 51, 54]"
53,14,54 ," [14, 13, 6, 51, 54]"
53,15,54 ," [15, 14, 13, 6, 51, 54]"
53,16,54 ," [16, 15, 14, 13, 6, 51, 54]"
53,17,54 ," [17, 16, 15, 14, 13, 6, 51, 54]"
53,18,54 ," [18, 17, 16, 15, 14, 13, 6, 51, 54]"
53,19,52 ," [19, 1, 52]"
53,20,52 ," [20, 2, 1, 52]"
53,21,52 ," [21, 3, 2, 1, 52]"
53,22,52 ," [22, 4, 3, 2, 1, 52]"
53,23,54 ," [23, 5, 6, 51, 54]"
53,24,52 ," [24, 1, 52]"
53,25,52 ," [25, 2, 1, 52]"
53,26,52 ," [26, 3, 2, 1, 52]"
53,27,52 ," [27, 4, 3, 2, 1, 52]"
53,28,54 ," [28, 5, 6, 51, 54]"
53,29,54 ," [29, 7, 6, 51, 54]"
53,30,55 ," [30, 8, 9, 10, 11, 12, 55]"
53,31,55 ," [31, 9, 10, 11, 12, 55]"
53,32,55 ," [32, 10, 11, 12, 55]"
53,33,55 ," [33, 11, 12, 55]"
53,34,55 ," [34, 12, 55]"
53,35,55 ," [35, 8, 9, 10, 11, 12, 55]"
53,36,55 ," [36, 9, 10, 11, 12, 55]"
53,37,55 ," [37, 10, 11, 12, 55]"
53,38,55 ," [38, 11, 12, 55]"
53,39,55 ," [39, 12, 55]"
53,40,54 ," [40, 13, 6, 51, 54]"
53,41,54 ," [41, 14, 13, 6, 51, 54]"
53,42,54 ," [42, 15, 14, 13, 6, 51, 54]"
53,43,54 ," [43, 16, 15, 14, 13, 6, 51, 54]"
53,44,54 ," [44, 17, 16, 15, 14, 13, 6, 51, 54]"
53,45,18 ," [45, 18]"
53,46,54 ," [46, 14, 13, 6, 51, 54]"
53,47,54 ," [47, 15, 14, 13, 6, 51, 54]"
53,48,54 ," [48, 16, 15, 14, 13, 6, 51, 54]"
53,49,54 ," [49, 17, 16, 15, 14, 13, 6, 51, 54]"
53,50,18 ," [50, 18]"
53,51,54 ," [51, 54]"
53,52,52 , [52]
53,53,53 , [53]
53,54,54 , [54]
53,55,55 , [55]
54,1,52 ," [1, 52]"
54,2,52 ," [2, 1, 52]"
54,3,52 ," [3, 2, 1, 52]"
54,4,52 ," [4, 3, 2, 1, 52]"
54,5,52 ," [5, 4, 3, 2, 1, 52]"
54,6,52 ," [6, 5, 4, 3, 2, 1, 52]"
54,7,55 ," [7, 8, 9, 10, 11, 12, 55]"
54,8,55 ," [8, 9, 10, 11, 12, 55]"
54,9,55 ," [9, 10, 11, 12, 55]"
54,10,55 ," [10, 11, 12, 55]"
54,11,55 ," [11, 12, 55]"
54,12,55 ," [12, 55]"
54,13,53 ," [13, 14, 15, 16, 17, 18, 53]"
54,14,53 ," [14, 15, 16, 17, 18, 53]"
54,15,53 ," [15, 16, 17, 18, 53]"
54,16,53 ," [16, 17, 18, 53]"
54,17,53 ," [17, 18, 53]"
54,18,53 ," [18, 53]"
54,19,52 ," [19, 1, 52]"
54,20,52 ," [20, 2, 1, 52]"
54,21,52 ," [21, 3, 2, 1, 52]"
54,22,52 ," [22, 4, 3, 2, 1, 52]"
54,23,52 ," [23, 5, 4, 3, 2, 1, 52]"
54,24,52 ," [24, 1, 52]"
54,25,52 ," [25, 2, 1, 52]"
54,26,52 ," [26, 3, 2, 1, 52]"
54,27,52 ," [27, 4, 3, 2, 1, 52]"
54,28,52 ," [28, 5, 4, 3, 2, 1, 52]"
54,29,55 ," [29, 7, 8, 9, 10, 11, 12, 55]"
54,30,55 ," [30, 8, 9, 10, 11, 12, 55]"
54,31,55 ," [31, 9, 10, 11, 12, 55]"
54,32,55 ," [32, 10, 11, 12, 55]"
54,33,55 ," [33, 11, 12, 55]"
54,34,55 ," [34, 12, 55]"
54,35,55 ," [35, 8, 9, 10, 11, 12, 55]"
54,36,55 ," [36, 9, 10, 11, 12, 55]"
54,37,55 ," [37, 10, 11, 12, 55]"
54,38,55 ," [38, 11, 12, 55]"
54,39,55 ," [39, 12, 55]"
54,40,53 ," [40, 13, 14, 15, 16, 17, 18, 53]"
54,41,53 ," [41, 14, 15, 16, 17, 18, 53]"
54,42,53 ," [42, 15, 16, 17, 18, 53]"
54,43,53 ," [43, 16, 17, 18, 53]"
54,44,53 ," [44, 17, 18, 53]"
54,45,53 ," [45, 18, 53]"
54,46,53 ," [46, 14, 15, 16, 17, 18, 53]"
54,47,53 ," [47, 15, 16, 17, 18, 53]"
54,48,53 ," [48, 16, 17, 18, 53]"
54,49,53 ," [49, 17, 18, 53]"
54,50,53 ," [50, 18, 53]"
54,51,52 ," [51, 6, 5, 4, 3, 2, 1, 52]"
54,52,52 , [52]
54,53,53 , [53]
54,54,54 , [54]
54,55,55 , [55]
55,1,52 ," [1, 52]"
55,2,52 ," [2, 1, 52]"
55,3,52 ," [3, 2, 1, 52]"
55,4,52 ," [4, 3, 2, 1, 52]"
55,5,54 ," [5, 6, 51, 54]"
55,6,54 ," [6, 51, 54]"
55,7,54 ," [7, 6, 51, 54]"
55,8,54 ," [8, 7, 6, 51, 54]"
55,9,54 ," [9, 8, 7, 6, 51, 54]"
55,10,54 ," [10, 9, 8, 7, 6, 51, 54]"
55,11,54 ," [11, 10, 9, 8, 7, 6, 51, 54]"
55,12,54 ," [12, 11, 10, 9, 8, 7, 6, 51, 54]"
55,13,54 ," [13, 6, 51, 54]"
55,14,53 ," [14, 15, 16, 17, 18, 53]"
55,15,53 ," [15, 16, 17, 18, 53]"
55,16,53 ," [16, 17, 18, 53]"
55,17,53 ," [17, 18, 53]"
55,18,53 ," [18, 53]"
55,19,52 ," [19, 1, 52]"
55,20,52 ," [20, 2, 1, 52]"
55,21,52 ," [21, 3, 2, 1, 52]"
55,22,52 ," [22, 4, 3, 2, 1, 52]"
55,23,54 ," [23, 5, 6, 51, 54]"
55,24,52 ," [24, 1, 52]"
55,25,52 ," [25, 2, 1, 52]"
55,26,52 ," [26, 3, 2, 1, 52]"
55,27,52 ," [27, 4, 3, 2, 1, 52]"
55,28,54 ," [28, 5, 6, 51, 54]"
55,29,54 ," [29, 7, 6, 51, 54]"
55,30,54 ," [30, 8, 7, 6, 51, 54]"
55,31,54 ," [31, 9, 8, 7, 6, 51, 54]"
55,32,54 ," [32, 10, 9, 8, 7, 6, 51, 54]"
55,33,54 ," [33, 11, 10, 9, 8, 7, 6, 51, 54]"
55,34,12 ," [34, 12]"
55,35,54 ," [35, 8, 7, 6, 51, 54]"
55,36,54 ," [36, 9, 8, 7, 6, 51, 54]"
55,37,54 ," [37, 10, 9, 8, 7, 6, 51, 54]"
55,38,54 ," [38, 11, 10, 9, 8, 7, 6, 51, 54]"
55,39,12 ," [39, 12]"
55,40,54 ," [40, 13, 6, 51, 54]"
55,41,53 ," [41, 14, 15, 16, 17, 18, 53]"
55,42,53 ," [42, 15, 16, 17, 18, 53]"
55,43,53 ," [43, 16, 17, 18, 53]"
55,44,53 ," [44, 17, 18, 53]"
55,45,53 ," [45, 18, 53]"
55,46,53 ," [46, 14, 15, 16, 17, 18, 53]"
55,47,53 ," [47, 15, 16, 17, 18, 53]"
55,48,53 ," [48, 16, 17, 18, 53]"
55,49,53 ," [49, 17, 18, 53]"
55,50,53 ," [50, 18, 53]"
55,51,54 ," [51, 54]"
55,52,52 , [52]
55,53,53 , [53]
55,54,54 , [54]
55,55,55 , [55]